match_id,match_date,match_time,hometeam,awayteam,bet_name,probability,odds,EV,Kelly,stake,bankroll_if_win,bankroll_if_lose,expected_bankroll
2331341,2025-10-03,20:00:00,Thisted,Vendsyssel,Her İki Yarıda da 1.5 Gol Üst Olur mu? :: Hayır,84.0,1.0,0.84,0.0,0.0,1.0,1.0,1.0
2330775,2025-10-03,21:30:00,Caerau Ely FC,Newport City FC,İlk Yarı Karşılıklı Gol :: İY KG Yok,88.0,1.08,0.9504,0.0,0.0,1.0,1.0,1.0
2331323,2025-10-03,21:45:00,Linfield,Crusaders,"Deplasman Gol Alt/Üst :: Dep 2,5 Alt",96.0,1.0,0.96,0.0,0.0,1.0,1.0,1.0
2333819,2025-10-03,21:45:00,Cliftonville,Glentoran,"Toplam Gol Alt/Üst :: 0,5 Üst",93.0,1.0,0.93,0.0,0.0,1.0,1.0,1.0
2426796,2025-10-04,14:00:00,Landskrona,Varbergs,"Toplam Gol Alt/Üst :: 0,5 Üst",96.0,1.0,0.96,0.0,0.0,1.0,1.0,1.0
2426814,2025-10-04,15:00:00,Oulu,Vaasan Ps,"Toplam Gol Alt/Üst :: 0,5 Üst",95.0,1.0,0.95,0.0,0.0,1.0,1.0,1.0
2337821,2025-10-04,15:30:00,Ascoli,AC Bra,Çifte Şans :: ÇŞ 1-X,93.0,1.0,0.93,0.0,0.0,1.0,1.0,1.0
2333250,2025-10-04,17:00:00,United Nordic,Eskilstuna,Çifte Şans :: ÇŞ 1-X,80.0,1.0,0.8,0.0,0.0,1.0,1.0,1.0
2333433,2025-10-04,17:00:00,Varbergs Gif FK,Jonsereds IF,Çifte Şans :: ÇŞ 1-2,76.0,1.06,0.8056,0.0,0.0,1.0,1.0,1.0
2333447,2025-10-04,17:00:00,Oxford City,Curzon Ashto,Her İki Yarıda da 1.5 Gol Üst Olur mu? :: Hayır,86.0,1.0,0.86,0.0,0.0,1.0,1.0,1.0
2405711,2025-10-04,17:00:00,Workington,UtdOfManch,Çifte Şans :: ÇŞ 1-2,80.0,1.0,0.8,0.0,0.0,1.0,1.0,1.0
2405824,2025-10-04,17:00:00,Prescot Cables,Lancaster,Çifte Şans :: ÇŞ 1-2,71.0,1.07,0.7597,0.0,0.0,1.0,1.0,1.0
2334773,2025-10-04,19:00:00,Podbrezova,S. Trnava,"Toplam Gol Alt/Üst :: 1,5 Üst",87.0,1.0,0.87,0.0,0.0,1.0,1.0,1.0
2334485,2025-10-04,19:45:00,F. Sittard,Volendam,Deplasman Her İki Yarıyı da Kazanır mı? :: Hayır,94.0,1.0,0.94,0.0,0.0,1.0,1.0,1.0
2337079,2025-10-04,20:30:00,Santa Coloma,Rangers FC,Çifte Şans :: ÇŞ 1-2,71.0,1.09,0.7739,0.0,0.0,1.0,1.0,1.0
2405794,2025-10-04,21:30:00,Boston River,Juventud,"İlk Yarı Gol Alt/Üst :: İY 0,5 Üst",65.0,1.29,0.8385000000000001,0.0,0.0,1.0,1.0,1.0
2428795,2025-10-05,00:10:00,Union Magdalena,Águilas Doradas,İlk Yarı Karşılıklı Gol :: İY KG Yok,87.0,1.0,0.87,0.0,0.0,1.0,1.0,1.0
2428776,2025-10-05,00:30:00,Fluminense,Atletico Mineiro,Deplasman Her İki Yarıyı da Kazanır mı? :: Hayır,96.0,1.0,0.96,0.0,0.0,1.0,1.0,1.0
2428777,2025-10-05,00:30:00,RB Bragantino,Grêmio FBPA,Deplasman Her İki Yarıyı da Kazanır mı? :: Hayır,97.0,1.0,0.97,0.0,0.0,1.0,1.0,1.0
2428778,2025-10-05,00:30:00,Internacional,Botafogo FR,Deplasman Her İki Yarıyı da Kazanır mı? :: Hayır,92.0,1.0,0.92,0.0,0.0,1.0,1.0,1.0
2332944,2025-10-05,02:00:00,Dep. La Gua,Zamora,Çifte Şans :: ÇŞ 1-X,88.0,1.0,0.88,0.0,0.0,1.0,1.0,1.0
2428958,2025-10-05,02:00:00,Queretaro,Puebla,"İlk Yarı Gol Alt/Üst :: İY 2,5 Alt",89.0,1.0,0.89,0.0,0.0,1.0,1.0,1.0
2428787,2025-10-05,02:30:00,Ferroviaria,America MG,Her İki Yarıda da 1.5 Gol Üst Olur mu? :: Hayır,91.0,1.0,0.91,0.0,0.0,1.0,1.0,1.0
2337419,2025-10-05,13:00:00,Rayo Vallecano B,RSD Alcala,İlk Yarı Karşılıklı Gol :: İY KG Yok,75.0,1.0,0.75,0.0,0.0,1.0,1.0,1.0
2428968,2025-10-05,13:15:00,Jagiellonia Bialysto,Korona Kielce,Deplasman Her İki Yarıyı da Kazanır mı? :: Hayır,95.0,1.0,0.95,0.0,0.0,1.0,1.0,1.0
2337951,2025-10-05,15:00:00,Vaduz,Rapperswil,Çifte Şans :: ÇŞ 1-X,84.0,1.0,0.84,0.0,0.0,1.0,1.0,1.0
2337839,2025-10-05,17:00:00,IF Karlstad,IFK Haninge,Çifte Şans :: ÇŞ 1-2,83.0,1.0,0.83,0.0,0.0,1.0,1.0,1.0
2337727,2025-10-05,18:00:00,Fredrikstad,H.Kameratene,Deplasman Her İki Yarıyı da Kazanır mı? :: Hayır,95.0,1.0,0.95,0.0,0.0,1.0,1.0,1.0
2336819,2025-10-05,18:30:00,Alta,STOR/BLINK,Çifte Şans :: ÇŞ 1-2,74.0,1.0,0.74,0.0,0.0,1.0,1.0,1.0
2336948,2025-10-05,19:00:00,Napoli,Genoa,Deplasman Her İki Yarıyı da Kazanır mı? :: Hayır,98.0,1.0,0.98,0.0,0.0,1.0,1.0,1.0
2337599,2025-10-06,00:00:00,Dep. Achuapa,CD Marquense,Çifte Şans :: ÇŞ 1-X,83.0,1.0,0.83,0.0,0.0,1.0,1.0,1.0
2428798,2025-10-06,01:15:00,Atl. Junior,Deportes Tol,İlk Yarı Karşılıklı Gol :: İY KG Yok,87.0,1.0,0.87,0.0,0.0,1.0,1.0,1.0
2363485,2025-10-06,01:30:00,Dep. Garcilaso,Alianza Atl.,Çifte Şans :: ÇŞ 1-X,83.0,1.0,0.83,0.0,0.0,1.0,1.0,1.0
2346889,2025-10-10,18:00:00,Pohronie,Z. Moravce,Çifte Şans :: ÇŞ X-2,77.0,1.07,0.8239,0.0,0.0,1.0,1.0,1.0
2349291,2025-10-10,18:00:00,LKS Lodz II,Resovia,"Toplam Gol Alt/Üst :: 1,5 Üst",85.0,1.07,0.9095,0.0,0.0,1.0,1.0,1.0
2358133,2025-10-10,18:00:00,Makedonya U21,Ermenistan U21,"Toplam Gol Alt/Üst :: 1,5 Üst",83.0,1.09,0.9047000000000002,0.0,0.0,1.0,1.0,1.0
2365146,2025-10-10,18:00:00,Letonya U21,Gürcistan U21,Çifte Şans :: ÇŞ X-2,87.0,1.0,0.87,0.0,0.0,1.0,1.0,1.0
2339786,2025-10-10,19:00:00,Zimbabve,Güney Afrika,Çifte Şans :: ÇŞ X-2,93.0,1.0,0.93,0.0,0.0,1.0,1.0,1.0
2339801,2025-10-10,19:00:00,Sao Tome ve P.,Tunus,Çifte Şans :: ÇŞ X-2,91.0,1.0,0.91,0.0,0.0,1.0,1.0,1.0
2339815,2025-10-10,19:00:00,Lesotho,Nijerya,Çifte Şans :: ÇŞ X-2,95.0,1.0,0.95,0.0,0.0,1.0,1.0,1.0
2339831,2025-10-10,19:00:00,Ruanda,Benin,Her İki Yarıda da 1.5 Gol Üst Olur mu? :: Hayır,94.0,1.0,0.94,0.0,0.0,1.0,1.0,1.0
2346670,2025-10-10,19:00:00,Estonya U21,Lüksemburg U21,Her İki Yarıda da 1.5 Gol Üst Olur mu? :: Hayır,85.0,1.0,0.85,0.0,0.0,1.0,1.0,1.0
2346765,2025-10-10,19:00:00,Moldova U21,İngiltere U21,Çifte Şans :: ÇŞ X-2,95.0,1.0,0.95,0.0,0.0,1.0,1.0,1.0
2347143,2025-10-10,19:00:00,F.Adaları U21,Fransa U21,Çifte Şans :: ÇŞ X-2,94.0,1.0,0.94,0.0,0.0,1.0,1.0,1.0
2353486,2025-10-10,19:00:00,Tabor Sezana,NK Bilje,Çifte Şans :: ÇŞ 1-X,89.0,1.0,0.89,0.0,0.0,1.0,1.0,1.0
2356538,2025-10-10,19:00:00,Danimarka U21,Avusturya U21,"Toplam Gol Alt/Üst :: 1,5 Üst",82.0,1.0,0.82,0.0,0.0,1.0,1.0,1.0
2358112,2025-10-10,19:00:00,Çekya U21,Azerbaycan U21,Çifte Şans :: ÇŞ 1-X,95.0,1.0,0.95,0.0,0.0,1.0,1.0,1.0
2358121,2025-10-10,19:00:00,Ukrayna U21,Macaristan U21,"Toplam Gol Alt/Üst :: 1,5 Üst",83.0,1.07,0.8881,0.0,0.0,1.0,1.0,1.0
2358127,2025-10-10,19:00:00,B.Hersek U21,Hollanda U21,Çifte Şans :: ÇŞ X-2,92.0,1.0,0.92,0.0,0.0,1.0,1.0,1.0
2358132,2025-10-10,19:00:00,Polonya U21,Karadağ U21,Çifte Şans :: ÇŞ 1-X,89.0,1.0,0.89,0.0,0.0,1.0,1.0,1.0
2365142,2025-10-10,19:00:00,Almanya U21,Yunanistan U21,Çifte Şans :: ÇŞ 1-X,91.0,1.0,0.91,0.0,0.0,1.0,1.0,1.0
2420686,2025-10-10,19:00:00,Romanya U21,Sırbistan U21,İlk Yarı Karşılıklı Gol :: İY KG Yok,86.0,1.0,0.86,0.0,0.0,1.0,1.0,1.0
2437174,2025-10-10,19:00:00,Portekiz U20,Almanya,Çifte Şans :: ÇŞ X-2,78.0,1.06,0.8268000000000001,0.0,0.0,1.0,1.0,1.0
2444677,2025-10-10,19:00:00,Bolivya,Ürdün,"Ev Sahibi Gol Alt/Üst :: Ev 2,5 Alt",91.0,1.0,0.91,0.0,0.0,1.0,1.0,1.0
2358125,2025-10-10,19:15:00,İtalya U21,İsveç U21,"Toplam Gol Alt/Üst :: 1,5 Üst",80.0,1.07,0.8560000000000001,0.0,0.0,1.0,1.0,1.0
2346855,2025-10-10,19:30:00,Bronshoj,Vanlose,İlk Yarı Karşılıklı Gol :: İY KG Yok,76.0,1.07,0.8132,0.0,0.0,1.0,1.0,1.0
2347032,2025-10-10,19:30:00,İsviçre U21,İzlanda U21,Her İki Yarıda da 1.5 Gol Üst Olur mu? :: Hayır,81.0,1.0,0.81,0.0,0.0,1.0,1.0,1.0
2352858,2025-10-10,19:30:00,RB Leipzig (K),SGS Essen-Schonebeck,İlk Yarı Karşılıklı Gol :: İY KG Yok,79.0,1.07,0.8453,0.0,0.0,1.0,1.0,1.0
2422148,2025-10-10,19:30:00,Medeama SC,Dreams FC,Çifte Şans :: ÇŞ 1-X,87.0,1.0,0.87,0.0,0.0,1.0,1.0,1.0
2424618,2025-10-10,19:45:00,Belarus U21,Rusya U21,Çifte Şans :: ÇŞ 1-2,79.0,1.0,0.79,0.0,0.0,1.0,1.0,1.0
2346685,2025-10-10,20:00:00,SpVgg Hankofen-Haili,Unterhaching,Çifte Şans :: ÇŞ X-2,86.0,1.0,0.86,0.0,0.0,1.0,1.0,1.0
2346705,2025-10-10,20:00:00,Akademisk Bo,Skive,Çifte Şans :: ÇŞ 1-X,91.0,1.0,0.91,0.0,0.0,1.0,1.0,1.0
2346753,2025-10-10,20:00:00,Fremad Amage,Helsingoer,Çifte Şans :: ÇŞ 1-X,84.0,1.0,0.84,0.0,0.0,1.0,1.0,1.0
2346803,2025-10-10,20:00:00,Husqvarna,IFK Skovde FK,Çifte Şans :: ÇŞ 1-X,81.0,1.0,0.81,0.0,0.0,1.0,1.0,1.0
2346851,2025-10-10,20:00:00,Ariana FC,Angelholms,İlk Yarı Karşılıklı Gol :: İY KG Yok,79.0,1.06,0.8374000000000001,0.0,0.0,1.0,1.0,1.0
2346857,2025-10-10,20:00:00,Memmingen,Ansbach,İlk Yarı Karşılıklı Gol :: İY KG Yok,79.0,1.1,0.8690000000000001,0.0,0.0,1.0,1.0,1.0
2346957,2025-10-10,20:00:00,Rusya,İran,Deplasman Her İki Yarıyı da Kazanır mı? :: Hayır,95.0,1.0,0.95,0.0,0.0,1.0,1.0,1.0
2346988,2025-10-10,20:00:00,Buchbach,Vilzing,Çifte Şans :: ÇŞ 1-2,78.0,1.0,0.78,0.0,0.0,1.0,1.0,1.0
2347128,2025-10-10,20:00:00,Hestrafors IF,Landvetter IS,Çifte Şans :: ÇŞ 1-2,81.0,1.0,0.81,0.0,0.0,1.0,1.0,1.0
2349919,2025-10-10,20:00:00,Homburg-Saar,Frankfurt 1899,Çifte Şans :: ÇŞ 1-X,83.0,1.0,0.83,0.0,0.0,1.0,1.0,1.0
2350268,2025-10-10,20:00:00,Astoria W.,Eintracht Trier,İlk Yarı Karşılıklı Gol :: İY KG Yok,78.0,1.13,0.8813999999999999,0.0,0.0,1.0,1.0,1.0
2350869,2025-10-10,20:00:00,Vendsyssel,Naestved,Her İki Yarıda da 1.5 Gol Üst Olur mu? :: Hayır,86.0,1.0,0.86,0.0,0.0,1.0,1.0,1.0
2356535,2025-10-10,20:00:00,Galler U21,Belçika U21,İlk Yarı Karşılıklı Gol :: İY KG Yok,85.0,1.0,0.85,0.0,0.0,1.0,1.0,1.0
2358129,2025-10-10,20:00:00,Türkiye U21,Litvanya U21,Çifte Şans :: ÇŞ 1-X,92.0,1.0,0.92,0.0,0.0,1.0,1.0,1.0
2373971,2025-10-10,20:00:00,FC Magdeburg II,Hertha BSC Berlin II,İlk Yarı Karşılıklı Gol :: İY KG Yok,78.0,1.13,0.8813999999999999,0.0,0.0,1.0,1.0,1.0
2346850,2025-10-10,20:30:00,Orebro Syri,Enkopings SK,Çifte Şans :: ÇŞ 1-2,78.0,1.0,0.78,0.0,0.0,1.0,1.0,1.0
2347159,2025-10-10,20:30:00,Ham-Kam II,Skjetten,Çifte Şans :: ÇŞ 1-2,86.0,1.0,0.86,0.0,0.0,1.0,1.0,1.0
2443950,2025-10-10,20:30:00,San Lorenzo,S Martin SJ,Deplasman Gol Yemeden Kazanır mı? :: Hayır,97.0,1.0,0.97,0.0,0.0,1.0,1.0,1.0
2445693,2025-10-10,21:00:00,Bournemouth U21,Hull City U21,Çifte Şans :: ÇŞ 1-2,85.0,1.0,0.85,0.0,0.0,1.0,1.0,1.0
2445694,2025-10-10,21:00:00,Sunderland U21,Norwich City U21,Çifte Şans :: ÇŞ 1-2,79.0,1.0,0.79,0.0,0.0,1.0,1.0,1.0
2405949,2025-10-10,21:15:00,Almere City,Vitesse,Deplasman Her İki Yarıyı da Kazanır mı? :: Hayır,95.0,1.0,0.95,0.0,0.0,1.0,1.0,1.0
2346801,2025-10-10,21:30:00,Afan Lido,Baglan Dragons,Çifte Şans :: ÇŞ X-2,84.0,1.0,0.84,0.0,0.0,1.0,1.0,1.0
2346863,2025-10-10,21:30:00,Ammanford AFC,Carmarthen Town,İkinci Yarı Karşılıklı Gol :: 2.Y KG Yok,76.0,1.14,0.8663999999999998,0.0,0.0,1.0,1.0,1.0
2346945,2025-10-10,21:30:00,Cwmbran Celtic,Caerau Ely FC,Çifte Şans :: ÇŞ X-2,86.0,1.0,0.86,0.0,0.0,1.0,1.0,1.0
2347060,2025-10-10,21:30:00,Newport City FC,Trethomas Bluebirds,Çifte Şans :: ÇŞ 1-X,83.0,1.0,0.83,0.0,0.0,1.0,1.0,1.0
2347200,2025-10-10,21:30:00,İrlanda U21,Slovakya U21,Her İki Yarıda da 1.5 Gol Üst Olur mu? :: Hayır,87.0,1.0,0.87,0.0,0.0,1.0,1.0,1.0
2352725,2025-10-10,21:30:00,AC Bra,Ath. Carpi,Her İki Yarıda da 1.5 Gol Üst Olur mu? :: Hayır,91.0,1.0,0.91,0.0,0.0,1.0,1.0,1.0
2353382,2025-10-10,21:30:00,Arezzo,Gubbio,Çifte Şans :: ÇŞ 1-X,85.0,1.0,0.85,0.0,0.0,1.0,1.0,1.0
2358105,2025-10-10,21:30:00,Portekiz U21,Bulgaristan U21,Çifte Şans :: ÇŞ 1-X,93.0,1.0,0.93,0.0,0.0,1.0,1.0,1.0
2444065,2025-10-10,21:30:00,Granada,Las Palmas,"Toplam Gol Alt/Üst :: 0,5 Üst",93.0,1.0,0.93,0.0,0.0,1.0,1.0,1.0
2346759,2025-10-10,21:45:00,İsveç,İsviçre,"Toplam Gol Alt/Üst :: 0,5 Üst",92.0,1.0,0.92,0.0,0.0,1.0,1.0,1.0
2346761,2025-10-10,21:45:00,İzlanda,Ukrayna,"Toplam Gol Alt/Üst :: 0,5 Üst",92.0,1.0,0.92,0.0,0.0,1.0,1.0,1.0
2346802,2025-10-10,21:45:00,Kosova,Slovenya,Deplasman Her İki Yarıyı da Kazanır mı? :: Hayır,92.0,1.0,0.92,0.0,0.0,1.0,1.0,1.0
2346811,2025-10-10,21:45:00,Cambrian United F.C,Trefelin,İlk Yarı Karşılıklı Gol :: İY KG Yok,82.0,1.09,0.8938000000000001,0.0,0.0,1.0,1.0,1.0
2346901,2025-10-10,21:45:00,Belçika,K. Makedonya,"Deplasman Gol Alt/Üst :: Dep 2,5 Alt",95.0,1.0,0.95,0.0,0.0,1.0,1.0,1.0
2346981,2025-10-10,21:45:00,Fransa,Azerbaycan,Çifte Şans :: ÇŞ 1-X,94.0,1.0,0.94,0.0,0.0,1.0,1.0,1.0
2347005,2025-10-10,21:45:00,Dundalk,Finn Harps,Çifte Şans :: ÇŞ 1-X,87.0,1.0,0.87,0.0,0.0,1.0,1.0,1.0
2347006,2025-10-10,21:45:00,Newtown,Brickfield Rangers,Çifte Şans :: ÇŞ 1-2,84.0,1.0,0.84,0.0,0.0,1.0,1.0,1.0
2347148,2025-10-10,21:45:00,CPD Y Rhyl 1879,Mold Alexandra,Çifte Şans :: ÇŞ 1-X,75.0,1.14,0.8549999999999999,0.0,0.0,1.0,1.0,1.0
2347157,2025-10-10,21:45:00,Kuzey İrlanda,Slovakya,Deplasman Her İki Yarıyı da Kazanır mı? :: Hayır,93.0,1.0,0.93,0.0,0.0,1.0,1.0,1.0
2347184,2025-10-10,21:45:00,Almanya,Lüksemburg,Çifte Şans :: ÇŞ 1-X,95.0,1.0,0.95,0.0,0.0,1.0,1.0,1.0
2444084,2025-10-10,21:45:00,Haverfordwest,Bala Town,Her İki Yarıda da 1.5 Gol Üst Olur mu? :: Hayır,83.0,1.0,0.83,0.0,0.0,1.0,1.0,1.0
2444085,2025-10-10,21:45:00,Kerry FC,Wexford,Her İki Yarıda da 1.5 Gol Üst Olur mu? :: Hayır,83.0,1.0,0.83,0.0,0.0,1.0,1.0,1.0
2444086,2025-10-10,21:45:00,Longford,Cobh Rambler,Her İki Yarıda da 1.5 Gol Üst Olur mu? :: Hayır,85.0,1.0,0.85,0.0,0.0,1.0,1.0,1.0
2444087,2025-10-10,21:45:00,Treaty United,Bray Wand,"Toplam Gol Alt/Üst :: 1,5 Üst",86.0,1.0,0.86,0.0,0.0,1.0,1.0,1.0
2444088,2025-10-10,21:45:00,UCD,Athlone Town,Çifte Şans :: ÇŞ 1-X,87.0,1.0,0.87,0.0,0.0,1.0,1.0,1.0
2444099,2025-10-10,21:45:00,Clyde Bank,Kilmarnock FC B,Çifte Şans :: ÇŞ 1-2,81.0,1.0,0.81,0.0,0.0,1.0,1.0,1.0
2444100,2025-10-10,21:45:00,East Fife,Celtic B,"Toplam Gol Alt/Üst :: 4,5 Alt",81.0,1.06,0.8586,0.0,0.0,1.0,1.0,1.0
2359774,2025-10-10,22:00:00,AD Fafe,Amarante,İlk Yarı Karşılıklı Gol :: İY KG Yok,79.0,1.0,0.79,0.0,0.0,1.0,1.0,1.0
2420699,2025-10-10,22:00:00,İspanya U21,Norveç U21,"Deplasman Gol Alt/Üst :: Dep 2,5 Alt",94.0,1.0,0.94,0.0,0.0,1.0,1.0,1.0
2444089,2025-10-10,22:00:00,Shamrock,Shelbourne,Deplasman Her İki Yarıyı da Kazanır mı? :: Hayır,96.0,1.0,0.96,0.0,0.0,1.0,1.0,1.0
2353275,2025-10-10,22:15:00,Barakaldo CF,Ath. Bilbao B,Her İki Yarıda da 1.5 Gol Üst Olur mu? :: Hayır,90.0,1.0,0.9,0.0,0.0,1.0,1.0,1.0
2443951,2025-10-10,22:15:00,Df. Justicia,Argentinos J.,"Toplam Gol Alt/Üst :: 0,5 Üst",92.0,1.0,0.92,0.0,0.0,1.0,1.0,1.0
2443952,2025-10-10,22:45:00,C. Cordoba,Union Santa Fe,"Toplam Gol Alt/Üst :: 0,5 Üst",92.0,1.0,0.92,0.0,0.0,1.0,1.0,1.0
2377404,2025-10-10,23:30:00,CD Recoleta,Olimpia,İlk Yarı Karşılıklı Gol :: İY KG Yok,82.0,1.0,0.82,0.0,0.0,1.0,1.0,1.0
2354202,2025-10-11,00:00:00,Surinam,Guatemala,Her İki Yarıda da 1.5 Gol Üst Olur mu? :: Hayır,93.0,1.0,0.93,0.0,0.0,1.0,1.0,1.0
2443953,2025-10-11,00:30:00,New Old Boys,CA Tigre,"Toplam Gol Alt/Üst :: 0,5 Üst",91.0,1.0,0.91,0.0,0.0,1.0,1.0,1.0
2354251,2025-10-11,01:00:00,Bermuda,Tri. Tobago,"Ev Sahibi Gol Alt/Üst :: Ev 2,5 Alt",91.0,1.0,0.91,0.0,0.0,1.0,1.0,1.0
2424662,2025-10-11,01:00:00,Plaza Colonia,CA Progreso,"Toplam Gol Alt/Üst :: 2,5 Alt",59.0,1.31,0.7729,0.0,0.0,1.0,1.0,1.0
2346933,2025-10-11,01:30:00,One Knoxville SC,Portland Hearts of P,Çifte Şans :: ÇŞ 1-X,83.0,1.0,0.83,0.0,0.0,1.0,1.0,1.0
2346788,2025-10-11,02:00:00,North Carolina,Phoenix Rising,Her İki Yarıda da 1.5 Gol Üst Olur mu? :: Hayır,86.0,1.0,0.86,0.0,0.0,1.0,1.0,1.0
2347041,2025-10-11,02:00:00,Charlotte In,Av Alta FC,Çifte Şans :: ÇŞ 1-X,86.0,1.06,0.9116000000000001,0.0,0.0,1.0,1.0,1.0
2354218,2025-10-11,02:00:00,Curacao,Jamaika,"Ev Sahibi Gol Alt/Üst :: Ev 2,5 Alt",92.0,1.0,0.92,0.0,0.0,1.0,1.0,1.0
2377400,2025-10-11,02:00:00,Sportivo Trinidense,C. G. Caballero,İlk Yarı Karşılıklı Gol :: İY KG Yok,76.0,1.0,0.76,0.0,0.0,1.0,1.0,1.0
2444101,2025-10-11,02:00:00,Şili,Peru,"İlk Yarı Gol Alt/Üst :: İY 2,5 Alt",92.0,1.0,0.92,0.0,0.0,1.0,1.0,1.0
2346908,2025-10-11,02:30:00,Kanada,Avustralya,Deplasman Her İki Yarıyı da Kazanır mı? :: Hayır,96.0,1.0,0.96,0.0,0.0,1.0,1.0,1.0
2417355,2025-10-11,03:00:00,Arjantin,Venezuela,"Toplam Gol Alt/Üst :: 0,5 Üst",97.0,1.0,0.97,0.0,0.0,1.0,1.0,1.0
2349763,2025-10-11,03:30:00,ABD,Ekvador,Her İki Yarıda da 1.5 Gol Üst Olur mu? :: Hayır,93.0,1.0,0.93,0.0,0.0,1.0,1.0,1.0
2349521,2025-10-11,04:00:00,Cancun FC,Irapuato,İkinci Yarı Karşılıklı Gol :: 2.Y KG Yok,80.0,1.11,0.8880000000000001,0.0,0.0,1.0,1.0,1.0
2350707,2025-10-11,04:00:00,Alebrijes,Atletico La Paz,Çifte Şans :: ÇŞ 1-2,85.0,1.0,0.85,0.0,0.0,1.0,1.0,1.0
2354236,2025-10-11,04:00:00,El Salvador,Panama,"Ev Sahibi Gol Alt/Üst :: Ev 2,5 Alt",90.0,1.0,0.9,0.0,0.0,1.0,1.0,1.0
2388081,2025-10-11,04:00:00,Auckland City,Western Suburbs FC,Çifte Şans :: ÇŞ 1-2,83.0,1.0,0.83,0.0,0.0,1.0,1.0,1.0
2388092,2025-10-11,04:00:00,Wellington Phoenix,Christchurch United ,Çifte Şans :: ÇŞ 1-2,82.0,1.0,0.82,0.0,0.0,1.0,1.0,1.0
2388094,2025-10-11,04:00:00,Miramar Rangers,Auckland Utd.,Çifte Şans :: ÇŞ 1-2,84.0,1.0,0.84,0.0,0.0,1.0,1.0,1.0
2349435,2025-10-11,04:30:00,Cavalry FC,Forge,Her İki Yarıda da 1.5 Gol Üst Olur mu? :: Hayır,85.0,1.0,0.85,0.0,0.0,1.0,1.0,1.0
2350241,2025-10-11,05:00:00,Venados,Tepatitlan FC,İlk Yarı Karşılıklı Gol :: İY KG Yok,78.0,1.11,0.8658000000000001,0.0,0.0,1.0,1.0,1.0
2443964,2025-10-11,05:00:00,NE Metrostars,Apia Leic,"Ev Sahibi Gol Alt/Üst :: Ev 2,5 Alt",85.0,1.0,0.85,0.0,0.0,1.0,1.0,1.0
2443965,2025-10-11,07:00:00,Preston Lions FC,NWS Spirit,Her İki Yarıda da 1.5 Gol Üst Olur mu? :: Hayır,89.0,1.0,0.89,0.0,0.0,1.0,1.0,1.0
2349342,2025-10-11,08:00:00,Chuncheon,Yeoju Citizen FC,İkinci Yarı Karşılıklı Gol :: 2.Y KG Yok,83.0,1.1,0.9130000000000001,0.0,0.0,1.0,1.0,1.0
2349638,2025-10-11,08:00:00,Giravanz Kitakyushu,Kagoshima Utd.,İlk Yarı Karşılıklı Gol :: İY KG Yok,79.0,1.0,0.79,0.0,0.0,1.0,1.0,1.0
2349754,2025-10-11,08:00:00,Tochigi City,Nara Club,Çifte Şans :: ÇŞ 1-X,84.0,1.0,0.84,0.0,0.0,1.0,1.0,1.0
2349795,2025-10-11,08:00:00,Omiya Ardija Ventus ,Tokyo Verdy Beleza (,Çifte Şans :: ÇŞ X-2,90.0,1.0,0.9,0.0,0.0,1.0,1.0,1.0
2350173,2025-10-11,08:00:00,Urawa Red Diamonds (,Kanagawa Sagamihara ,Çifte Şans :: ÇŞ 1-X,90.0,1.0,0.9,0.0,0.0,1.0,1.0,1.0
2350701,2025-10-11,08:00:00,Siheung Citizen,Daejeon Korail,Çifte Şans :: ÇŞ 1-X,84.0,1.0,0.84,0.0,0.0,1.0,1.0,1.0
2444051,2025-10-11,08:00:00,Gimpo Citizen,Seoul E-Land,Her İki Yarıda da 1.5 Gol Üst Olur mu? :: Hayır,89.0,1.0,0.89,0.0,0.0,1.0,1.0,1.0
2444052,2025-10-11,10:30:00,Hwaseong,Cheongju FC,Her İki Yarıda da 1.5 Gol Üst Olur mu? :: Hayır,88.0,1.0,0.88,0.0,0.0,1.0,1.0,1.0
2349602,2025-10-11,13:00:00,Warta Poznan,Olimpia,Her İki Yarıda da 1.5 Gol Üst Olur mu? :: Hayır,87.0,1.0,0.87,0.0,0.0,1.0,1.0,1.0
2350607,2025-10-11,13:00:00,Qviding F,IF Boljan Falkenberg,Çifte Şans :: ÇŞ 1-X,85.0,1.0,0.85,0.0,0.0,1.0,1.0,1.0
2350747,2025-10-11,13:00:00,Kiruna FF,Lucksta IF,Çifte Şans :: ÇŞ 1-2,78.0,1.0,0.78,0.0,0.0,1.0,1.0,1.0
2352939,2025-10-11,13:00:00,Levante Las Planas F,Madrid Ccf (K),İlk Yarı Karşılıklı Gol :: İY KG Yok,79.0,1.0,0.79,0.0,0.0,1.0,1.0,1.0
2353861,2025-10-11,13:00:00,Granada CF (K),Real Sociedad (K),İlk Yarı Karşılıklı Gol :: İY KG Yok,78.0,1.07,0.8346000000000001,0.0,0.0,1.0,1.0,1.0
2353878,2025-10-11,13:00:00,Dep. Aragon,Alfaro CD,İlk Yarı Karşılıklı Gol :: İY KG Yok,88.0,1.0,0.88,0.0,0.0,1.0,1.0,1.0
2359813,2025-10-11,13:00:00,Lusitano GC,Academica,İlk Yarı Karşılıklı Gol :: İY KG Yok,81.0,1.0,0.81,0.0,0.0,1.0,1.0,1.0
2353534,2025-10-11,13:30:00,Lazio (K),Genoa (K),Çifte Şans :: ÇŞ 1-X,92.0,1.0,0.92,0.0,0.0,1.0,1.0,1.0
2346742,2025-10-11,14:00:00,Sheff Wed U21,Wigan Athletic U21,Çifte Şans :: ÇŞ 1-2,80.0,1.0,0.8,0.0,0.0,1.0,1.0,1.0
2349316,2025-10-11,14:00:00,Karlbergs BK,V Essinge,Çifte Şans :: ÇŞ 1-2,73.0,1.0,0.73,0.0,0.0,1.0,1.0,1.0
2349607,2025-10-11,14:00:00,Kungsangens IF,IFK Osteraakers FK,Çifte Şans :: ÇŞ 1-X,84.0,1.0,0.84,0.0,0.0,1.0,1.0,1.0
2349692,2025-10-11,14:00:00,Ishoej IF,Thisted,Her İki Yarıda da 1.5 Gol Üst Olur mu? :: Hayır,86.0,1.0,0.86,0.0,0.0,1.0,1.0,1.0
2349834,2025-10-11,14:00:00,Baerum,IL Ulfstind,Çifte Şans :: ÇŞ 1-2,84.0,1.0,0.84,0.0,0.0,1.0,1.0,1.0
2349853,2025-10-11,14:00:00,Luleaa,Östersund,İlk Yarı Karşılıklı Gol :: İY KG Yok,76.0,1.11,0.8436000000000001,0.0,0.0,1.0,1.0,1.0
2349878,2025-10-11,14:00:00,Holbaek,Vejgaard,Çifte Şans :: ÇŞ 1-X,79.0,1.0,0.79,0.0,0.0,1.0,1.0,1.0
2349888,2025-10-11,14:00:00,Grebbestads,IK Tord,Çifte Şans :: ÇŞ 1-2,78.0,1.06,0.8268000000000001,0.0,0.0,1.0,1.0,1.0
2349946,2025-10-11,14:00:00,Sollentuna,Assyriska FF,İkinci Yarı Karşılıklı Gol :: 2.Y KG Yok,77.0,1.24,0.9548000000000001,0.0,0.0,1.0,1.0,1.0
2350084,2025-10-11,14:00:00,Ljungskile,Eskilsminne,Çifte Şans :: ÇŞ 1-X,85.0,1.0,0.85,0.0,0.0,1.0,1.0,1.0
2350294,2025-10-11,14:00:00,Jonsereds IF,Astorps FF,Çifte Şans :: ÇŞ 1-2,74.0,1.0,0.74,0.0,0.0,1.0,1.0,1.0
2350961,2025-10-11,14:00:00,Horsholm-Usserod IK,Sundby BK,İlk Yarı Karşılıklı Gol :: İY KG Yok,82.0,1.08,0.8856,0.0,0.0,1.0,1.0,1.0
2354000,2025-10-11,14:00:00,Hannover 96 II,Saint Pauli II,Çifte Şans :: ÇŞ 1-X,82.0,1.0,0.82,0.0,0.0,1.0,1.0,1.0
2430137,2025-10-11,14:00:00,Sokol,Ufa,İlk Yarı Karşılıklı Gol :: İY KG Yok,85.0,1.0,0.85,0.0,0.0,1.0,1.0,1.0
2444029,2025-10-11,14:00:00,Dalian Kun,Shang Ji Cit,Çifte Şans :: ÇŞ 1-X,85.0,1.0,0.85,0.0,0.0,1.0,1.0,1.0
2446716,2025-10-11,14:00:00,Kakamega Hom,Nairobi United FC,Çifte Şans :: ÇŞ 1-X,74.0,1.0,0.74,0.0,0.0,1.0,1.0,1.0
2350106,2025-10-11,14:15:00,OKS Swit Skolwin Szc,Podhale Nowy Targ,"Toplam Gol Alt/Üst :: 1,5 Üst",85.0,1.06,0.9010000000000001,0.0,0.0,1.0,1.0,1.0
2349829,2025-10-11,14:30:00,Briton Ferry,Connah's,İlk Yarı Karşılıklı Gol :: İY KG Yok,86.0,1.07,0.9202000000000001,0.0,0.0,1.0,1.0,1.0
2350548,2025-10-11,14:30:00,Lyseng IF,Naesby,İlk Yarı Karşılıklı Gol :: İY KG Yok,85.0,1.06,0.9010000000000001,0.0,0.0,1.0,1.0,1.0
2424660,2025-10-11,14:30:00,Farnham Town,Sutton Utd.,Çifte Şans :: ÇŞ 1-2,81.0,1.0,0.81,0.0,0.0,1.0,1.0,1.0
2430168,2025-10-11,14:30:00,Arsenal Tula,Torp. Moskova,İlk Yarı Karşılıklı Gol :: İY KG Yok,85.0,1.0,0.85,0.0,0.0,1.0,1.0,1.0
2444027,2025-10-11,14:30:00,Hebei Kungfu,Shenyang Ct,Her İki Yarıda da 1.5 Gol Üst Olur mu? :: Hayır,87.0,1.0,0.87,0.0,0.0,1.0,1.0,1.0
2444028,2025-10-11,14:30:00,Guangzhou E-Power FC,Nanjing City,İlk Yarı Karşılıklı Gol :: İY KG Yok,86.0,1.0,0.86,0.0,0.0,1.0,1.0,1.0
2444030,2025-10-11,14:30:00,Chongqing,Foshan Nanshi,Çifte Şans :: ÇŞ 1-X,95.0,1.0,0.95,0.0,0.0,1.0,1.0,1.0
2349322,2025-10-11,15:00:00,Mainz 05 II,Balingen,Çifte Şans :: ÇŞ 1-2,86.0,1.0,0.86,0.0,0.0,1.0,1.0,1.0
2349404,2025-10-11,15:00:00,IFK Kumla FK,IK Kongahalla,Çifte Şans :: ÇŞ 1-2,83.0,1.0,0.83,0.0,0.0,1.0,1.0,1.0
2349436,2025-10-11,15:00:00,Freiburg II,Hessen Kassel,Çifte Şans :: ÇŞ 1-2,81.0,1.0,0.81,0.0,0.0,1.0,1.0,1.0
2349448,2025-10-11,15:00:00,Barockstadt,Sandhausen,Çifte Şans :: ÇŞ 1-X,78.0,1.0,0.78,0.0,0.0,1.0,1.0,1.0
2349567,2025-10-11,15:00:00,Kjelsas,Ull. Kisa,"Toplam Gol Alt/Üst :: 4,5 Alt",79.0,1.09,0.8611,0.0,0.0,1.0,1.0,1.0
2349623,2025-10-11,15:00:00,Hellerup,VSK Aarhus,İlk Yarı Karşılıklı Gol :: İY KG Yok,82.0,1.06,0.8692,0.0,0.0,1.0,1.0,1.0
2349639,2025-10-11,15:00:00,Frederiksberg Allian,Odder,İlk Yarı Karşılıklı Gol :: İY KG Yok,88.0,1.06,0.9328,0.0,0.0,1.0,1.0,1.0
2349770,2025-10-11,15:00:00,Offenbacher,Schott Mainz,Çifte Şans :: ÇŞ 1-X,78.0,1.0,0.78,0.0,0.0,1.0,1.0,1.0
2349824,2025-10-11,15:00:00,Karlskrona,Hassleholm,Çifte Şans :: ÇŞ 1-X,90.0,1.0,0.9,0.0,0.0,1.0,1.0,1.0
2349896,2025-10-11,15:00:00,Stuttgarter Kic.,Bahlinger,Çifte Şans :: ÇŞ 1-2,82.0,1.0,0.82,0.0,0.0,1.0,1.0,1.0
2349917,2025-10-11,15:00:00,Roskilde,Brabrand,Çifte Şans :: ÇŞ 1-X,84.0,1.0,0.84,0.0,0.0,1.0,1.0,1.0
2350013,2025-10-11,15:00:00,Rappe Goif,Hogaborgs BK,İlk Yarı Karşılıklı Gol :: İY KG Yok,76.0,1.12,0.8512000000000001,0.0,0.0,1.0,1.0,1.0
2350111,2025-10-11,15:00:00,Falu FK,IK Franke,Çifte Şans :: ÇŞ 1-X,96.0,1.0,0.96,0.0,0.0,1.0,1.0,1.0
2350206,2025-10-11,15:00:00,Eichstatt,Aubstadt,Çifte Şans :: ÇŞ 1-X,87.0,1.0,0.87,0.0,0.0,1.0,1.0,1.0
2350243,2025-10-11,15:00:00,Bayreuth,Würzburger K.,Çifte Şans :: ÇŞ X-2,82.0,1.0,0.82,0.0,0.0,1.0,1.0,1.0
2350269,2025-10-11,15:00:00,Taftea IK,Bergnasets Aik,Karşılıklı Gol :: KG Var,72.0,1.27,0.9144,0.0,0.0,1.0,1.0,1.0
2350272,2025-10-11,15:00:00,Fredrikstad FK II,Oppsal,İlk Yarı Karşılıklı Gol :: İY KG Yok,79.0,1.24,0.9795999999999999,0.0,0.0,1.0,1.0,1.0
2350397,2025-10-11,15:00:00,Vidar,SK Djerv,Çifte Şans :: ÇŞ 1-X,87.0,1.0,0.87,0.0,0.0,1.0,1.0,1.0
2350431,2025-10-11,15:00:00,SG Sonnenhof Grossas,B. Alzenau,İlk Yarı Karşılıklı Gol :: İY KG Yok,74.0,1.18,0.8732,0.0,0.0,1.0,1.0,1.0
2350482,2025-10-11,15:00:00,IFK Karlshamn,Nosaby,İlk Yarı Karşılıklı Gol :: İY KG Yok,79.0,1.12,0.8848,0.0,0.0,1.0,1.0,1.0
2350511,2025-10-11,15:00:00,Rana FK,Strindheim,Her İki Yarıda da 1.5 Gol Alt Olur mu? :: Hayır,84.0,1.06,0.8904000000000001,0.0,0.0,1.0,1.0,1.0
2350532,2025-10-11,15:00:00,Steinbach H.,SGV Freiberg,Çifte Şans :: ÇŞ 1-2,81.0,1.0,0.81,0.0,0.0,1.0,1.0,1.0
2350596,2025-10-11,15:00:00,Taby FK,Korsnas IF FK,Çifte Şans :: ÇŞ 1-X,90.0,1.0,0.9,0.0,0.0,1.0,1.0,1.0
2350639,2025-10-11,15:00:00,Stord,Brodd,Çifte Şans :: ÇŞ 1-2,84.0,1.0,0.84,0.0,0.0,1.0,1.0,1.0
2350648,2025-10-11,15:00:00,Sotra ,Va.Haugesund,Çifte Şans :: ÇŞ 1-X,88.0,1.0,0.88,0.0,0.0,1.0,1.0,1.0
2350695,2025-10-11,15:00:00,Vanersborgs,Tidaholms GoIf,İlk Yarı Karşılıklı Gol :: İY KG Yok,86.0,1.11,0.9546000000000001,0.0,0.0,1.0,1.0,1.0
2350803,2025-10-11,15:00:00,Eidsvold TF,Asker,Çifte Şans :: ÇŞ 1-X,85.0,1.0,0.85,0.0,0.0,1.0,1.0,1.0
2350838,2025-10-11,15:00:00,Katwijk,Amsterdamsche FC,Çifte Şans :: ÇŞ 1-2,81.0,1.06,0.8586,0.0,0.0,1.0,1.0,1.0
2350903,2025-10-11,15:00:00,Greuther Furth II,Wacker Burg.,Çifte Şans :: ÇŞ 1-2,78.0,1.0,0.78,0.0,0.0,1.0,1.0,1.0
2352871,2025-10-11,15:00:00,Meppen,Blau-Weiss Lohne,Çifte Şans :: ÇŞ 1-X,86.0,1.0,0.86,0.0,0.0,1.0,1.0,1.0
2353710,2025-10-11,15:00:00,Villarreal B,Betis Dep. Balompie,Her İki Yarıda da 1.5 Gol Üst Olur mu? :: Hayır,86.0,1.0,0.86,0.0,0.0,1.0,1.0,1.0
2354018,2025-10-11,15:00:00,FSV Schoningen 2011,W.Flensburg,Çifte Şans :: ÇŞ 1-2,82.0,1.0,0.82,0.0,0.0,1.0,1.0,1.0
2367398,2025-10-11,15:00:00,Paderborn II,Gutersloh 2000,Çifte Şans :: ÇŞ 1-2,83.0,1.0,0.83,0.0,0.0,1.0,1.0,1.0
2430026,2025-10-11,15:00:00,Spartak Kostroma,Kamaz,İkinci Yarı Karşılıklı Gol :: 2.Y KG Yok,79.0,1.0,0.79,0.0,0.0,1.0,1.0,1.0
2349930,2025-10-11,15:30:00,Rijnsburgse B.,Barendrecht,Çifte Şans :: ÇŞ 1-2,81.0,1.0,0.81,0.0,0.0,1.0,1.0,1.0
2349980,2025-10-11,15:30:00,Excelsior Maassluis,ACV Assen,Çifte Şans :: ÇŞ 1-X,82.0,1.06,0.8692,0.0,0.0,1.0,1.0,1.0
2350280,2025-10-11,15:30:00,Koninklijke Hfc,Kozakken Boys,İlk Yarı Karşılıklı Gol :: İY KG Yok,79.0,1.1,0.8690000000000001,0.0,0.0,1.0,1.0,1.0
2350286,2025-10-11,15:30:00,Hoek,HHC Hardenberg,Çifte Şans :: ÇŞ 1-2,80.0,1.06,0.8480000000000001,0.0,0.0,1.0,1.0,1.0
2350960,2025-10-11,15:30:00,Rkav Volendam,Gvvv,Çifte Şans :: ÇŞ 1-2,85.0,1.0,0.85,0.0,0.0,1.0,1.0,1.0
2353070,2025-10-11,15:30:00,Giana Erminio,Novara,Her İki Yarıda da 1.5 Gol Üst Olur mu? :: Hayır,91.0,1.0,0.91,0.0,0.0,1.0,1.0,1.0
2353243,2025-10-11,15:30:00,Foggia,Crotone,Çifte Şans :: ÇŞ X-2,86.0,1.0,0.86,0.0,0.0,1.0,1.0,1.0
2353336,2025-10-11,15:30:00,AZ Picerno,Casertana,Her İki Yarıda da 1.5 Gol Üst Olur mu? :: Hayır,92.0,1.0,0.92,0.0,0.0,1.0,1.0,1.0
2353402,2025-10-11,15:30:00,Perugia,Rimini,Her İki Yarıda da 1.5 Gol Üst Olur mu? :: Hayır,84.0,1.0,0.84,0.0,0.0,1.0,1.0,1.0
2354025,2025-10-11,15:30:00,Giugliano,Catania,Çifte Şans :: ÇŞ X-2,85.0,1.0,0.85,0.0,0.0,1.0,1.0,1.0
2349296,2025-10-11,16:00:00,Gresford Athletic,Buckley Town,Çifte Şans :: ÇŞ 1-2,83.0,1.0,0.83,0.0,0.0,1.0,1.0,1.0
2349306,2025-10-11,16:00:00,Floya,KFUM II,Çifte Şans :: ÇŞ 1-X,90.0,1.0,0.9,0.0,0.0,1.0,1.0,1.0
2349574,2025-10-11,16:00:00,OFK Banik Lehota Pod,Slavia TU Kosice,İlk Yarı Karşılıklı Gol :: İY KG Yok,78.0,1.16,0.9047999999999999,0.0,0.0,1.0,1.0,1.0
2349649,2025-10-11,16:00:00,Nykoebing,Frem,Çifte Şans :: ÇŞ 1-X,85.0,1.0,0.85,0.0,0.0,1.0,1.0,1.0
2349758,2025-10-11,16:00:00,Stk Samorin,FK Raven Povazska By,İlk Yarı Karşılıklı Gol :: İY KG Yok,83.0,1.06,0.8798,0.0,0.0,1.0,1.0,1.0
2349774,2025-10-11,16:00:00,Vaag IK,Torvastad,Çifte Şans :: ÇŞ 1-X,89.0,1.0,0.89,0.0,0.0,1.0,1.0,1.0
2349855,2025-10-11,16:00:00,Stabaek II,Drobak-Frogn,Çifte Şans :: ÇŞ 1-2,76.0,1.0,0.76,0.0,0.0,1.0,1.0,1.0
2349885,2025-10-11,16:00:00,Stara Lubovna,Liptovsky M,İlk Yarı Karşılıklı Gol :: İY KG Yok,76.0,1.0,0.76,0.0,0.0,1.0,1.0,1.0
2350216,2025-10-11,16:00:00,Bjoerkelangen,Aassiden,Çifte Şans :: ÇŞ 1-2,85.0,1.0,0.85,0.0,0.0,1.0,1.0,1.0
2350278,2025-10-11,16:00:00,Spakenburg,Ijsselmeervogels,Çifte Şans :: ÇŞ 1-2,81.0,1.0,0.81,0.0,0.0,1.0,1.0,1.0
2350296,2025-10-11,16:00:00,Lorenskog,Elverum,Her İki Yarıda da 1.5 Gol Alt Olur mu? :: Hayır,80.0,1.09,0.872,0.0,0.0,1.0,1.0,1.0
2350317,2025-10-11,16:00:00,FK Eik-Toensberg,Flekkeroy,Çifte Şans :: ÇŞ 1-X,87.0,1.0,0.87,0.0,0.0,1.0,1.0,1.0
2350383,2025-10-11,16:00:00,Sortland IL,Gamle Oslo FK,Çifte Şans :: ÇŞ X-2,78.0,1.0,0.78,0.0,0.0,1.0,1.0,1.0
2350448,2025-10-11,16:00:00,FC Paradiso,Schaffhausen,Çifte Şans :: ÇŞ 1-2,74.0,1.0,0.74,0.0,0.0,1.0,1.0,1.0
2350461,2025-10-11,16:00:00,Viking (A),Madla,Çifte Şans :: ÇŞ 1-2,78.0,1.0,0.78,0.0,0.0,1.0,1.0,1.0
2350507,2025-10-11,16:00:00,Trygg/Lade,Ranheim 2,Çifte Şans :: ÇŞ 1-X,94.0,1.0,0.94,0.0,0.0,1.0,1.0,1.0
2350519,2025-10-11,16:00:00,Jong Sparta Rotterda,Quick Boys,Çifte Şans :: ÇŞ X-2,86.0,1.0,0.86,0.0,0.0,1.0,1.0,1.0
2350556,2025-10-11,16:00:00,Norveç U19,Ermenistan U19,Çifte Şans :: ÇŞ 1-X,96.0,1.0,0.96,0.0,0.0,1.0,1.0,1.0
2350563,2025-10-11,16:00:00,Sokol Kleczew,Unia Skier,"Toplam Gol Alt/Üst :: 1,5 Üst",85.0,1.06,0.9010000000000001,0.0,0.0,1.0,1.0,1.0
2350623,2025-10-11,16:00:00,Gottne IF,Skelleftea,Çifte Şans :: ÇŞ 1-2,86.0,1.0,0.86,0.0,0.0,1.0,1.0,1.0
2350680,2025-10-11,16:00:00,Lillehammer FK,Nordstrand,Her İki Yarıda da 1.5 Gol Alt Olur mu? :: Hayır,85.0,1.07,0.9095,0.0,0.0,1.0,1.0,1.0
2350696,2025-10-11,16:00:00,Wolfsburg (K),B. Münih (K),İlk Yarı Karşılıklı Gol :: İY KG Yok,81.0,1.08,0.8748,0.0,0.0,1.0,1.0,1.0
2350766,2025-10-11,16:00:00,FK Puchov,Dukla BB,Çifte Şans :: ÇŞ 1-2,81.0,1.0,0.81,0.0,0.0,1.0,1.0,1.0
2350855,2025-10-11,16:00:00,Letonya,Andorra,Deplasman Gol Yemeden Kazanır mı? :: Hayır,98.0,1.0,0.98,0.0,0.0,1.0,1.0,1.0
2350876,2025-10-11,16:00:00,Skara FC,IF Haga,İlk Yarı Karşılıklı Gol :: İY KG Yok,79.0,1.13,0.8926999999999999,0.0,0.0,1.0,1.0,1.0
2350922,2025-10-11,16:00:00,Onsala BK,Laholms FK,Çifte Şans :: ÇŞ 1-2,80.0,1.0,0.8,0.0,0.0,1.0,1.0,1.0
2350938,2025-10-11,16:00:00,Fk Kvik Trondheim,Tiller,Çifte Şans :: ÇŞ 1-X,93.0,1.0,0.93,0.0,0.0,1.0,1.0,1.0
2352925,2025-10-11,16:00:00,Juventus (K),FCF Como (K),Çifte Şans :: ÇŞ 1-X,96.0,1.0,0.96,0.0,0.0,1.0,1.0,1.0
2353241,2025-10-11,16:00:00,Hamburg II,Werder Bremen II,Çifte Şans :: ÇŞ 1-2,83.0,1.0,0.83,0.0,0.0,1.0,1.0,1.0
2354120,2025-10-11,16:00:00,NK Bistrica,Nafta,Çifte Şans :: ÇŞ 1-2,82.0,1.0,0.82,0.0,0.0,1.0,1.0,1.0
2430133,2025-10-11,16:00:00,Volga Ulyan.,Y. Krasnoyars,İkinci Yarı Karşılıklı Gol :: 2.Y KG Yok,82.0,1.07,0.8774000000000001,0.0,0.0,1.0,1.0,1.0
2444032,2025-10-11,16:00:00,Northampton,Rotherham,Deplasman Her İki Yarıyı da Kazanır mı? :: Hayır,97.0,1.0,0.97,0.0,0.0,1.0,1.0,1.0
2349366,2025-10-11,16:30:00,Holyhead Hotspur,Ruthin Town,Çifte Şans :: ÇŞ 1-2,78.0,1.0,0.78,0.0,0.0,1.0,1.0,1.0
2349485,2025-10-11,16:30:00,NK Dubrava,HNK Orijent 1919,Çifte Şans :: ÇŞ 1-2,74.0,1.07,0.7918000000000001,0.0,0.0,1.0,1.0,1.0
2349619,2025-10-11,16:30:00,Hrvace,Opatija,Çifte Şans :: ÇŞ 1-2,73.0,1.08,0.7884,0.0,0.0,1.0,1.0,1.0
2349746,2025-10-11,16:30:00,Treowen Stars,Aberystwyth,Çifte Şans :: ÇŞ X-2,85.0,1.0,0.85,0.0,0.0,1.0,1.0,1.0
2350052,2025-10-11,16:30:00,Llandudno,Caersws,Çifte Şans :: ÇŞ 1-X,96.0,1.0,0.96,0.0,0.0,1.0,1.0,1.0
2350345,2025-10-11,16:30:00,Flint Mountain,Broughton,Çifte Şans :: ÇŞ X-2,92.0,1.0,0.92,0.0,0.0,1.0,1.0,1.0
2350382,2025-10-11,16:30:00,Holywell Town,Penrhyncoch,Çifte Şans :: ÇŞ 1-X,92.0,1.0,0.92,0.0,0.0,1.0,1.0,1.0
2350409,2025-10-11,16:30:00,Llantwit Major,Pontypridd Town,İkinci Yarı Karşılıklı Gol :: 2.Y KG Yok,80.0,1.17,0.9359999999999999,0.0,0.0,1.0,1.0,1.0
2350487,2025-10-11,16:30:00,FC Basel II,FC Lausanne II,Çifte Şans :: ÇŞ 1-X,78.0,1.0,0.78,0.0,0.0,1.0,1.0,1.0
2350491,2025-10-11,16:30:00,Guilsfield,Denbigh Town,Çifte Şans :: ÇŞ 1-2,79.0,1.0,0.79,0.0,0.0,1.0,1.0,1.0
2350534,2025-10-11,16:30:00,Lokomotiv Os,IF Ready,Çifte Şans :: ÇŞ 1-2,81.0,1.0,0.81,0.0,0.0,1.0,1.0,1.0
2350802,2025-10-11,16:30:00,Avusturya U19,Lüksemburg U19,Çifte Şans :: ÇŞ 1-X,92.0,1.0,0.92,0.0,0.0,1.0,1.0,1.0
2350834,2025-10-11,16:30:00,Ynyshir Albions,Cardiff Draconians,Çifte Şans :: ÇŞ X-2,80.0,1.0,0.8,0.0,0.0,1.0,1.0,1.0
2352726,2025-10-11,16:30:00,ND Dravinja,Rudar,İlk Yarı Karşılıklı Gol :: İY KG Yok,81.0,1.06,0.8586,0.0,0.0,1.0,1.0,1.0
2352832,2025-10-11,16:30:00,NK Krsko,Triglav,Çifte Şans :: ÇŞ X-2,86.0,1.0,0.86,0.0,0.0,1.0,1.0,1.0
2353770,2025-10-11,16:30:00,A. Von 1893,Drochtersen,Çifte Şans :: ÇŞ X-2,84.0,1.0,0.84,0.0,0.0,1.0,1.0,1.0
2354041,2025-10-11,16:30:00,NK Jesenice,Brinje Grosuplje,Çifte Şans :: ÇŞ X-2,88.0,1.0,0.88,0.0,0.0,1.0,1.0,1.0
2444102,2025-10-11,16:30:00,Barry Town,Caernarfon Town,"Toplam Gol Alt/Üst :: 1,5 Üst",86.0,1.0,0.86,0.0,0.0,1.0,1.0,1.0
2444103,2025-10-11,16:30:00,Colwyn Bay,Cardiff MU,Çifte Şans :: ÇŞ 1-X,84.0,1.0,0.84,0.0,0.0,1.0,1.0,1.0
2444104,2025-10-11,16:30:00,Flint Town Utd.,Llanelli AFC,Çifte Şans :: ÇŞ 1-X,92.0,1.0,0.92,0.0,0.0,1.0,1.0,1.0
2349297,2025-10-11,17:00:00,Poole Town,Weymouth,Çifte Şans :: ÇŞ 1-X,76.0,1.0,0.76,0.0,0.0,1.0,1.0,1.0
2349439,2025-10-11,17:00:00,East Kilbri,Heart of Midlothian ,Maç Sonucu :: MS 1,69.0,1.14,0.7866,0.0,0.0,1.0,1.0,1.0
2349479,2025-10-11,17:00:00,Cove Rangers,Dundee United B,Maç Sonucu :: MS 1,79.0,1.2,0.948,0.0,0.0,1.0,1.0,1.0
2349489,2025-10-11,17:00:00,Scarborough,Leamington,Çifte Şans :: ÇŞ 1-X,88.0,1.0,0.88,0.0,0.0,1.0,1.0,1.0
2349498,2025-10-11,17:00:00,Oskarshmans,Jönköpings,Çifte Şans :: ÇŞ X-2,89.0,1.0,0.89,0.0,0.0,1.0,1.0,1.0
2349515,2025-10-11,17:00:00,UtdOfManch,Hebburn Town,Çifte Şans :: ÇŞ 1-X,81.0,1.0,0.81,0.0,0.0,1.0,1.0,1.0
2349519,2025-10-11,17:00:00,Elgin City,Aberdeen FC B,Maç Sonucu :: MS 1,65.0,1.2,0.78,0.0,0.0,1.0,1.0,1.0
2349534,2025-10-11,17:00:00,Stirling Alb,Dundee B,Maç Sonucu :: MS 1,65.0,1.23,0.7995,0.0,0.0,1.0,1.0,1.0
2349598,2025-10-11,17:00:00,Ashton Utd,Whitby Town,Çifte Şans :: ÇŞ 1-X,76.0,1.06,0.8056,0.0,0.0,1.0,1.0,1.0
2349604,2025-10-11,17:00:00,Ballymena Utd.,Coleraine,"Toplam Gol Alt/Üst :: 0,5 Üst",92.0,1.0,0.92,0.0,0.0,1.0,1.0,1.0
2349612,2025-10-11,17:00:00,Carrick Rangers,Portadown,Deplasman Her İki Yarıyı da Kazanır mı? :: Hayır,92.0,1.0,0.92,0.0,0.0,1.0,1.0,1.0
2349636,2025-10-11,17:00:00,Peterhead,Hibernian B,Maç Sonucu :: MS 1,70.0,1.11,0.777,0.0,0.0,1.0,1.0,1.0
2349650,2025-10-11,17:00:00,Gloucester,Sholing FC,Çifte Şans :: ÇŞ 1-X,85.0,1.0,0.85,0.0,0.0,1.0,1.0,1.0
2349816,2025-10-11,17:00:00,Taunton Town,Chertsey Town,Çifte Şans :: ÇŞ 1-X,83.0,1.0,0.83,0.0,0.0,1.0,1.0,1.0
2349823,2025-10-11,17:00:00,Stenhousemur,Motherwell B,Çifte Şans :: ÇŞ 1-X,93.0,1.0,0.93,0.0,0.0,1.0,1.0,1.0
2349827,2025-10-11,17:00:00,Stockholm Int.,IF Karlstad,Çifte Şans :: ÇŞ 1-X,83.0,1.0,0.83,0.0,0.0,1.0,1.0,1.0
2349841,2025-10-11,17:00:00,Real Bedford,Barwell FC,Çifte Şans :: ÇŞ 1-X,83.0,1.0,0.83,0.0,0.0,1.0,1.0,1.0
2349847,2025-10-11,17:00:00,Ballinamallard,Armagh City FC,"Toplam Gol Alt/Üst :: 1,5 Üst",86.0,1.0,0.86,0.0,0.0,1.0,1.0,1.0
2349848,2025-10-11,17:00:00,Maidstone Utd.,Chesham Utd.,Her İki Yarıda da 1.5 Gol Üst Olur mu? :: Hayır,85.0,1.0,0.85,0.0,0.0,1.0,1.0,1.0
2349877,2025-10-11,17:00:00,Uxbridge FC,Basingstoke,Çifte Şans :: ÇŞ 1-2,77.0,1.0,0.77,0.0,0.0,1.0,1.0,1.0
2349928,2025-10-11,17:00:00,Royston Town,Halesowen,Çifte Şans :: ÇŞ 1-2,72.0,1.07,0.7704000000000001,0.0,0.0,1.0,1.0,1.0
2349959,2025-10-11,17:00:00,Leek Town,Lancaster,Çifte Şans :: ÇŞ 1-2,82.0,1.0,0.82,0.0,0.0,1.0,1.0,1.0
2349979,2025-10-11,17:00:00,Guiseley,Ilkeston Town,Çifte Şans :: ÇŞ 1-X,79.0,1.1,0.8690000000000001,0.0,0.0,1.0,1.0,1.0
2350017,2025-10-11,17:00:00,BSC Young Boys,FC Lugano II,Karşılıklı Gol :: KG Var,70.0,1.25,0.875,0.0,0.0,1.0,1.0,1.0
2350100,2025-10-11,17:00:00,Levanger,Alta,Çifte Şans :: ÇŞ 1-2,83.0,1.0,0.83,0.0,0.0,1.0,1.0,1.0
2350135,2025-10-11,17:00:00,Evesham United,Tiverton,Çifte Şans :: ÇŞ 1-X,80.0,1.0,0.8,0.0,0.0,1.0,1.0,1.0
2350136,2025-10-11,17:00:00,Sandviken,Jerv,"Toplam Gol Alt/Üst :: 4,5 Alt",81.0,1.08,0.8748,0.0,0.0,1.0,1.0,1.0
2350146,2025-10-11,17:00:00,IFK Haninge,Hammarby Talang FF,İlk Yarı Karşılıklı Gol :: İY KG Yok,82.0,1.11,0.9102000000000001,0.0,0.0,1.0,1.0,1.0
2350261,2025-10-11,17:00:00,Fylde,Worksop Town,Çifte Şans :: ÇŞ 1-X,89.0,1.0,0.89,0.0,0.0,1.0,1.0,1.0
2350270,2025-10-11,17:00:00,Skövde,Lunds,Çifte Şans :: ÇŞ X-2,76.0,1.08,0.8208000000000001,0.0,0.0,1.0,1.0,1.0
2350366,2025-10-11,17:00:00,Walton & Hersham,Wimborne,Çifte Şans :: ÇŞ 1-X,81.0,1.0,0.81,0.0,0.0,1.0,1.0,1.0
2350497,2025-10-11,17:00:00,Dumbarton,Rangers B,Maç Sonucu :: MS 1,50.0,1.48,0.74,0.0,0.0,1.0,1.0,1.0
2350515,2025-10-11,17:00:00,FC Luzern II,Kriens,Çifte Şans :: ÇŞ X-2,79.0,1.0,0.79,0.0,0.0,1.0,1.0,1.0
2350516,2025-10-11,17:00:00,Stocksbridge Park St,Warrington T.,Çifte Şans :: ÇŞ 1-2,79.0,1.0,0.79,0.0,0.0,1.0,1.0,1.0
2350538,2025-10-11,17:00:00,Cleethorpes,Prescot Cables,Çifte Şans :: ÇŞ 1-X,73.0,1.06,0.7738,0.0,0.0,1.0,1.0,1.0
2350555,2025-10-11,17:00:00,Yate Town,Berkhamsted,Çifte Şans :: ÇŞ 1-2,78.0,1.06,0.8268000000000001,0.0,0.0,1.0,1.0,1.0
2350559,2025-10-11,17:00:00,Kidd.minster,Radcliffe,İlk Yarı Karşılıklı Gol :: İY KG Yok,80.0,1.06,0.8480000000000001,0.0,0.0,1.0,1.0,1.0
2350571,2025-10-11,17:00:00,Dundela,Newington,"Toplam Gol Alt/Üst :: 4,5 Alt",79.0,1.06,0.8374000000000001,0.0,0.0,1.0,1.0,1.0
2350574,2025-10-11,17:00:00,Trollhattan,Torslanda,Çifte Şans :: ÇŞ 1-X,84.0,1.0,0.84,0.0,0.0,1.0,1.0,1.0
2350581,2025-10-11,17:00:00,Annagh Utd.,H&W Welders,"Toplam Gol Alt/Üst :: 1,5 Üst",73.0,1.12,0.8176000000000001,0.0,0.0,1.0,1.0,1.0
2350584,2025-10-11,17:00:00,Hanwell Town,Dorchester,Çifte Şans :: ÇŞ 1-X,73.0,1.1,0.8030000000000002,0.0,0.0,1.0,1.0,1.0
2350588,2025-10-11,17:00:00,Chorley,Oxford City,Çifte Şans :: ÇŞ 1-X,89.0,1.0,0.89,0.0,0.0,1.0,1.0,1.0
2350597,2025-10-11,17:00:00,Gosport,Hungerford Town,Çifte Şans :: ÇŞ 1-2,78.0,1.0,0.78,0.0,0.0,1.0,1.0,1.0
2350620,2025-10-11,17:00:00,Bamber Bridge,Rushall Olym.,Çifte Şans :: ÇŞ 1-2,74.0,1.06,0.7844,0.0,0.0,1.0,1.0,1.0
2350625,2025-10-11,17:00:00,Eskilstuna,IFK Stocksund,Çifte Şans :: ÇŞ 1-2,80.0,1.0,0.8,0.0,0.0,1.0,1.0,1.0
2350642,2025-10-11,17:00:00,Crusaders,Cliftonville,"Toplam Gol Alt/Üst :: 0,5 Üst",95.0,1.0,0.95,0.0,0.0,1.0,1.0,1.0
2350673,2025-10-11,17:00:00,Dungannon S,Glentoran,"Toplam Gol Alt/Üst :: 0,5 Üst",93.0,1.0,0.93,0.0,0.0,1.0,1.0,1.0
2350693,2025-10-11,17:00:00,Plymouth Parkway,Bracknell Town,Çifte Şans :: ÇŞ 1-2,82.0,1.0,0.82,0.0,0.0,1.0,1.0,1.0
2350723,2025-10-11,17:00:00,Glenavon,Bangor,"Toplam Gol Alt/Üst :: 0,5 Üst",96.0,1.0,0.96,0.0,0.0,1.0,1.0,1.0
2350726,2025-10-11,17:00:00,Stourbridge,Leiston,Çifte Şans :: ÇŞ 1-2,75.0,1.06,0.795,0.0,0.0,1.0,1.0,1.0
2350743,2025-10-11,17:00:00,Bromsgrove Sport.,Bury Town FC,Çifte Şans :: ÇŞ 1-2,70.0,1.06,0.742,0.0,0.0,1.0,1.0,1.0
2350764,2025-10-11,17:00:00,Loughgall,Warrenpoint,Çifte Şans :: ÇŞ 1-2,82.0,1.0,0.82,0.0,0.0,1.0,1.0,1.0
2350787,2025-10-11,17:00:00,Bavois,FC Biel-Bienne,Çifte Şans :: ÇŞ 1-2,73.0,1.0,0.73,0.0,0.0,1.0,1.0,1.0
2350822,2025-10-11,17:00:00,Torquay,Dagenham&Red,Çifte Şans :: ÇŞ 1-X,85.0,1.0,0.85,0.0,0.0,1.0,1.0,1.0
2350828,2025-10-11,17:00:00,Institute,Queens University,"Toplam Gol Alt/Üst :: 1,5 Üst",80.0,1.1,0.88,0.0,0.0,1.0,1.0,1.0
2350833,2025-10-11,17:00:00,Bishop's St.,Redditch utd,Çifte Şans :: ÇŞ 1-X,72.0,1.07,0.7704000000000001,0.0,0.0,1.0,1.0,1.0
2350848,2025-10-11,17:00:00,Kelty Hearts,St Mirren B,Maç Sonucu :: MS 1,58.0,1.39,0.8061999999999999,0.0,0.0,1.0,1.0,1.0
2350861,2025-10-11,17:00:00,Ards,Limavady Utd.,"Toplam Gol Alt/Üst :: 1,5 Üst",82.0,1.08,0.8856,0.0,0.0,1.0,1.0,1.0
2350867,2025-10-11,17:00:00,Alvechurch,Kettering,Çifte Şans :: ÇŞ 1-2,79.0,1.06,0.8374000000000001,0.0,0.0,1.0,1.0,1.0
2350956,2025-10-11,17:00:00,FC Zurich II,SC Cham,Çifte Şans :: ÇŞ 1-2,73.0,1.0,0.73,0.0,0.0,1.0,1.0,1.0
2350972,2025-10-11,17:00:00,Warrington Rylands,Morpeth Town,Çifte Şans :: ÇŞ 1-X,84.0,1.0,0.84,0.0,0.0,1.0,1.0,1.0
2353709,2025-10-11,17:00:00,Celta Vigo B,Ourense CF,Her İki Yarıda da 1.5 Gol Üst Olur mu? :: Hayır,89.0,1.0,0.89,0.0,0.0,1.0,1.0,1.0
2353828,2025-10-11,17:00:00,SSV Jeddeloh II,Phonix Lubeck,İlk Yarı Karşılıklı Gol :: İY KG Yok,76.0,1.22,0.9272,0.0,0.0,1.0,1.0,1.0
2354040,2025-10-11,17:00:00,Marbella,C. Eldense,İlk Yarı Karşılıklı Gol :: İY KG Yok,92.0,1.0,0.92,0.0,0.0,1.0,1.0,1.0
2377728,2025-10-11,17:00:00,Marine,Curzon Ashto,Her İki Yarıda da 1.5 Gol Üst Olur mu? :: Hayır,88.0,1.0,0.88,0.0,0.0,1.0,1.0,1.0
2408067,2025-10-11,17:00:00,Estrela Amadora U23,Leiria U23,İlk Yarı Karşılıklı Gol :: İY KG Yok,79.0,1.0,0.79,0.0,0.0,1.0,1.0,1.0
2424570,2025-10-11,17:00:00,Spennymoor,Billericay,Çifte Şans :: ÇŞ 1-X,88.0,1.0,0.88,0.0,0.0,1.0,1.0,1.0
2424574,2025-10-11,17:00:00,Chelmsford C,Chippenham,Çifte Şans :: ÇŞ 1-X,91.0,1.0,0.91,0.0,0.0,1.0,1.0,1.0
2424576,2025-10-11,17:00:00,G'borough Tr,Hartlepool,Çifte Şans :: ÇŞ X-2,75.0,1.0,0.75,0.0,0.0,1.0,1.0,1.0
2424579,2025-10-11,17:00:00,Woking,Brackley,Çifte Şans :: ÇŞ 1-2,77.0,1.0,0.77,0.0,0.0,1.0,1.0,1.0
2424581,2025-10-11,17:00:00,S Shields,Spalding United,Çifte Şans :: ÇŞ 1-X,82.0,1.0,0.82,0.0,0.0,1.0,1.0,1.0
2424584,2025-10-11,17:00:00,Tamworth,Hyde United,Çifte Şans :: ÇŞ 1-X,91.0,1.0,0.91,0.0,0.0,1.0,1.0,1.0
2424602,2025-10-11,17:00:00,Ebbsfleet Utd.,Solihull Moors,Çifte Şans :: ÇŞ X-2,74.0,1.06,0.7844,0.0,0.0,1.0,1.0,1.0
2424609,2025-10-11,17:00:00,East.Borough,Boreham Wood,Çifte Şans :: ÇŞ X-2,83.0,1.0,0.83,0.0,0.0,1.0,1.0,1.0
2424611,2025-10-11,17:00:00,Southend Utd.,Folk Invicta,Çifte Şans :: ÇŞ 1-X,87.0,1.0,0.87,0.0,0.0,1.0,1.0,1.0
2424616,2025-10-11,17:00:00,Scunthorpe,Kings Lynn,Çifte Şans :: ÇŞ 1-2,82.0,1.0,0.82,0.0,0.0,1.0,1.0,1.0
2424617,2025-10-11,17:00:00,Rochdale,York City,Çifte Şans :: ÇŞ 1-2,75.0,1.06,0.795,0.0,0.0,1.0,1.0,1.0
2424620,2025-10-11,17:00:00,Darlington,Telford,Çifte Şans :: ÇŞ 1-2,74.0,1.0,0.74,0.0,0.0,1.0,1.0,1.0
2424621,2025-10-11,17:00:00,Hampton&Rich,Eastleigh,Çifte Şans :: ÇŞ X-2,81.0,1.0,0.81,0.0,0.0,1.0,1.0,1.0
2424622,2025-10-11,17:00:00,Southport,Halifax Town,Çifte Şans :: ÇŞ X-2,79.0,1.0,0.79,0.0,0.0,1.0,1.0,1.0
2424624,2025-10-11,17:00:00,Weston S. Mare,Needham,Çifte Şans :: ÇŞ 1-X,89.0,1.0,0.89,0.0,0.0,1.0,1.0,1.0
2424629,2025-10-11,17:00:00,H Hempstead,Yeovil Town,Çifte Şans :: ÇŞ X-2,74.0,1.16,0.8583999999999999,0.0,0.0,1.0,1.0,1.0
2424639,2025-10-11,17:00:00,Runcorn Linnets,Buxton,Çifte Şans :: ÇŞ 1-2,82.0,1.0,0.82,0.0,0.0,1.0,1.0,1.0
2424646,2025-10-11,17:00:00,Wealdstone,Whitstable Town,Çifte Şans :: ÇŞ 1-X,89.0,1.0,0.89,0.0,0.0,1.0,1.0,1.0
2424648,2025-10-11,17:00:00,Macclesfield,Stamford,Çifte Şans :: ÇŞ 1-X,93.0,1.0,0.93,0.0,0.0,1.0,1.0,1.0
2424651,2025-10-11,17:00:00,Altrincham,Harborough Town Fc,Çifte Şans :: ÇŞ 1-2,81.0,1.0,0.81,0.0,0.0,1.0,1.0,1.0
2424654,2025-10-11,17:00:00,Tonbridge Angels,Chatham Town,Çifte Şans :: ÇŞ 1-2,74.0,1.0,0.74,0.0,0.0,1.0,1.0,1.0
2424664,2025-10-11,17:00:00,AFC Totton,Truro City,Çifte Şans :: ÇŞ 1-2,77.0,1.06,0.8162,0.0,0.0,1.0,1.0,1.0
2424667,2025-10-11,17:00:00,Braintree,Farnborough,Çifte Şans :: ÇŞ 1-X,84.0,1.0,0.84,0.0,0.0,1.0,1.0,1.0
2424674,2025-10-11,17:00:00,Aveley,Gateshead,Çifte Şans :: ÇŞ X-2,87.0,1.0,0.87,0.0,0.0,1.0,1.0,1.0
2424678,2025-10-11,17:00:00,Morecambe,Chester,Çifte Şans :: ÇŞ 1-2,84.0,1.0,0.84,0.0,0.0,1.0,1.0,1.0
2424682,2025-10-11,17:00:00,Carlisle Utd.,Boston Utd,Çifte Şans :: ÇŞ 1-X,85.0,1.0,0.85,0.0,0.0,1.0,1.0,1.0
2424690,2025-10-11,17:00:00,Banbury Utd,Albans City,Çifte Şans :: ÇŞ 1-2,82.0,1.06,0.8692,0.0,0.0,1.0,1.0,1.0
2424692,2025-10-11,17:00:00,Maldon & Tiptree,Flackwell Heath,Çifte Şans :: ÇŞ 1-X,82.0,1.0,0.82,0.0,0.0,1.0,1.0,1.0
2424693,2025-10-11,17:00:00,Slough Town,Enfield Town,Çifte Şans :: ÇŞ 1-X,74.0,1.06,0.7844,0.0,0.0,1.0,1.0,1.0
2424697,2025-10-11,17:00:00,Dorking Wand,Aldershot,Çifte Şans :: ÇŞ 1-2,82.0,1.06,0.8692,0.0,0.0,1.0,1.0,1.0
2430035,2025-10-11,17:00:00,Shinnik,Fakel,İlk Yarı Karşılıklı Gol :: İY KG Yok,82.0,1.0,0.82,0.0,0.0,1.0,1.0,1.0
2430081,2025-10-11,17:00:00,Neftekhimik,Chayka Pesch,Çifte Şans :: ÇŞ 1-X,82.0,1.0,0.82,0.0,0.0,1.0,1.0,1.0
2430177,2025-10-11,17:00:00,Dover,Horsham,Her İki Yarıda da 1.5 Gol Üst Olur mu? :: Hayır,86.0,1.0,0.86,0.0,0.0,1.0,1.0,1.0
2435988,2025-10-11,17:00:00,Stratford,AFC Sudbury,Çifte Şans :: ÇŞ 1-X,77.0,1.0,0.77,0.0,0.0,1.0,1.0,1.0
2444031,2025-10-11,17:00:00,Wimbledon,Port Vale,Her İki Yarıda da 1.5 Gol Üst Olur mu? :: Hayır,93.0,1.0,0.93,0.0,0.0,1.0,1.0,1.0
2444033,2025-10-11,17:00:00,Burton Albion,Bolton,"Toplam Gol Alt/Üst :: 0,5 Üst",93.0,1.0,0.93,0.0,0.0,1.0,1.0,1.0
2444034,2025-10-11,17:00:00,Exeter City,Reading,"Toplam Gol Alt/Üst :: 0,5 Üst",94.0,1.0,0.94,0.0,0.0,1.0,1.0,1.0
2444035,2025-10-11,17:00:00,Leyton Orient,Doncaster,"Toplam Gol Alt/Üst :: 0,5 Üst",91.0,1.0,0.91,0.0,0.0,1.0,1.0,1.0
2444037,2025-10-11,17:00:00,Wigan Ath.,Wycombe,"Toplam Gol Alt/Üst :: 0,5 Üst",91.0,1.0,0.91,0.0,0.0,1.0,1.0,1.0
2444038,2025-10-11,17:00:00,Stockport,Blackpool,Deplasman Her İki Yarıyı da Kazanır mı? :: Hayır,95.0,1.0,0.95,0.0,0.0,1.0,1.0,1.0
2444039,2025-10-11,17:00:00,Accrington,Newport,Deplasman Her İki Yarıyı da Kazanır mı? :: Hayır,95.0,1.0,0.95,0.0,0.0,1.0,1.0,1.0
2444040,2025-10-11,17:00:00,Chesterfield,Salford City,"Toplam Gol Alt/Üst :: 0,5 Üst",93.0,1.0,0.93,0.0,0.0,1.0,1.0,1.0
2444041,2025-10-11,17:00:00,Bristol R.,MK Dons,Deplasman Her İki Yarıyı da Kazanır mı? :: Hayır,90.0,1.0,0.9,0.0,0.0,1.0,1.0,1.0
2444042,2025-10-11,17:00:00,Crawley,Walsall,"Toplam Gol Alt/Üst :: 0,5 Üst",92.0,1.0,0.92,0.0,0.0,1.0,1.0,1.0
2444043,2025-10-11,17:00:00,Crewe,Bromley,"Toplam Gol Alt/Üst :: 0,5 Üst",92.0,1.0,0.92,0.0,0.0,1.0,1.0,1.0
2444044,2025-10-11,17:00:00,Fleetwood,Harrogate Town,Deplasman Her İki Yarıyı da Kazanır mı? :: Hayır,95.0,1.0,0.95,0.0,0.0,1.0,1.0,1.0
2444045,2025-10-11,17:00:00,Gillingham,Cheltenham,Deplasman Her İki Yarıyı da Kazanır mı? :: Hayır,95.0,1.0,0.95,0.0,0.0,1.0,1.0,1.0
2444046,2025-10-11,17:00:00,Shrewsbury,Cambridge,"Toplam Gol Alt/Üst :: 0,5 Üst",94.0,1.0,0.94,0.0,0.0,1.0,1.0,1.0
2444047,2025-10-11,17:00:00,Tranmere,Barnet,"Toplam Gol Alt/Üst :: 0,5 Üst",91.0,1.0,0.91,0.0,0.0,1.0,1.0,1.0
2444050,2025-10-11,17:00:00,Grimsby,Colchester,Deplasman Her İki Yarıyı da Kazanır mı? :: Hayır,95.0,1.0,0.95,0.0,0.0,1.0,1.0,1.0
2444061,2025-10-11,17:00:00,Arbroath,Queen's Park,Deplasman Her İki Yarıyı da Kazanır mı? :: Hayır,93.0,1.0,0.93,0.0,0.0,1.0,1.0,1.0
2444062,2025-10-11,17:00:00,G. Morton,Partick Thistle,"Toplam Gol Alt/Üst :: 0,5 Üst",92.0,1.0,0.92,0.0,0.0,1.0,1.0,1.0
2444063,2025-10-11,17:00:00,Raith Rovers,Ayr United,Deplasman Her İki Yarıyı da Kazanır mı? :: Hayır,96.0,1.0,0.96,0.0,0.0,1.0,1.0,1.0
2444064,2025-10-11,17:00:00,ST Johnstone,Ross County,Deplasman Her İki Yarıyı da Kazanır mı? :: Hayır,95.0,1.0,0.95,0.0,0.0,1.0,1.0,1.0
2444105,2025-10-11,17:00:00,Edinburgh,Alloa Ath.,Maç Sonucu :: MS 2,42.0,1.81,0.7602,0.0,0.0,1.0,1.0,1.0
2444106,2025-10-11,17:00:00,Forfar,Inverness,Maç Sonucu :: MS 2,45.0,1.72,0.774,0.0,0.0,1.0,1.0,1.0
2444107,2025-10-11,17:00:00,Hamilton,Annan Athl.,Maç Sonucu :: MS 1,50.0,1.48,0.74,0.0,0.0,1.0,1.0,1.0
2444108,2025-10-11,17:00:00,Montrose,Spartans,Maç Sonucu :: MS 2,39.0,2.2,0.8580000000000001,0.0,0.0,1.0,1.0,1.0
2444109,2025-10-11,17:00:00,Stranraer,Queen of South,Maç Sonucu :: MS 2,61.0,1.4,0.8539999999999999,0.0,0.0,1.0,1.0,1.0
2353203,2025-10-11,17:15:00,SD Tarazona,Real Murcia,Her İki Yarıda da 1.5 Gol Üst Olur mu? :: Hayır,89.0,1.0,0.89,0.0,0.0,1.0,1.0,1.0
2353530,2025-10-11,17:15:00,RC Dep. Fabril,UP Langreo,Çifte Şans :: ÇŞ 1-X,86.0,1.0,0.86,0.0,0.0,1.0,1.0,1.0
2444066,2025-10-11,17:15:00,Mirandes,Leganes,"Toplam Gol Alt/Üst :: 0,5 Üst",94.0,1.0,0.94,0.0,0.0,1.0,1.0,1.0
2349499,2025-10-11,17:30:00,CD Mafra,Amora FC,İlk Yarı Karşılıklı Gol :: İY KG Yok,83.0,1.0,0.83,0.0,0.0,1.0,1.0,1.0
2352853,2025-10-11,17:30:00,SD Eibar B,SD Ejea,İlk Yarı Karşılıklı Gol :: İY KG Yok,83.0,1.0,0.83,0.0,0.0,1.0,1.0,1.0
2353267,2025-10-11,17:30:00,Rayo Cantabria,UD Ourense,İlk Yarı Karşılıklı Gol :: İY KG Yok,86.0,1.0,0.86,0.0,0.0,1.0,1.0,1.0
2353888,2025-10-11,17:30:00,UD Mutilvera,Naxara,İkinci Yarı Karşılıklı Gol :: 2.Y KG Yok,82.0,1.09,0.8938000000000001,0.0,0.0,1.0,1.0,1.0
2354070,2025-10-11,17:30:00,RCD Espanyol (K),Alhama CF Femenino (,Çifte Şans :: ÇŞ 1-X,82.0,1.0,0.82,0.0,0.0,1.0,1.0,1.0
2405940,2025-10-11,17:30:00,Uniao Leiria,Oliveirense,Çifte Şans :: ÇŞ 1-X,86.0,1.0,0.86,0.0,0.0,1.0,1.0,1.0
2350336,2025-10-11,18:00:00,Fris Viljor,Boden City FC,Çifte Şans :: ÇŞ 1-X,85.0,1.0,0.85,0.0,0.0,1.0,1.0,1.0
2353017,2025-10-11,18:00:00,Salamanca,SD Sarriana,Çifte Şans :: ÇŞ 1-X,83.0,1.0,0.83,0.0,0.0,1.0,1.0,1.0
2353053,2025-10-11,18:00:00,Barbastro UD,Torrent CF,İlk Yarı Karşılıklı Gol :: İY KG Yok,86.0,1.0,0.86,0.0,0.0,1.0,1.0,1.0
2353327,2025-10-11,18:00:00,Utebo FC,SD Logrones,İlk Yarı Karşılıklı Gol :: İY KG Yok,82.0,1.0,0.82,0.0,0.0,1.0,1.0,1.0
2353573,2025-10-11,18:00:00,CD Ebro,Real Union,İlk Yarı Karşılıklı Gol :: İY KG Yok,85.0,1.0,0.85,0.0,0.0,1.0,1.0,1.0
2353854,2025-10-11,18:00:00,Club Marino De Luanc,Gim. Segoviana,İlk Yarı Karşılıklı Gol :: İY KG Yok,87.0,1.0,0.87,0.0,0.0,1.0,1.0,1.0
2354028,2025-10-11,18:00:00,Yeclano Deportivo,Salerm Puente Genil ,Çifte Şans :: ÇŞ 1-X,80.0,1.0,0.8,0.0,0.0,1.0,1.0,1.0
2359867,2025-10-11,18:00:00,CD Trofense,Varzim,İlk Yarı Karşılıklı Gol :: İY KG Yok,81.0,1.0,0.81,0.0,0.0,1.0,1.0,1.0
2350562,2025-10-11,18:30:00,NK Karlovac 1919,Cibalia,Çifte Şans :: ÇŞ 1-X,83.0,1.0,0.83,0.0,0.0,1.0,1.0,1.0
2350759,2025-10-11,18:30:00,FC Vevey Sports 05,FC Grand-Saconnex,Çifte Şans :: ÇŞ 1-2,75.0,1.0,0.75,0.0,0.0,1.0,1.0,1.0
2353114,2025-10-11,18:30:00,Pergolettese,Asd Alcione,Her İki Yarıda da 1.5 Gol Üst Olur mu? :: Hayır,93.0,1.0,0.93,0.0,0.0,1.0,1.0,1.0
2353282,2025-10-11,18:30:00,Mont. Tuscia,Pianese,Her İki Yarıda da 1.5 Gol Üst Olur mu? :: Hayır,90.0,1.0,0.9,0.0,0.0,1.0,1.0,1.0
2353393,2025-10-11,18:30:00,Real Madrid C,Getafe B,İlk Yarı Karşılıklı Gol :: İY KG Yok,81.0,1.0,0.81,0.0,0.0,1.0,1.0,1.0
2353421,2025-10-11,18:30:00,Pineto,Livorno,Her İki Yarıda da 1.5 Gol Üst Olur mu? :: Hayır,92.0,1.0,0.92,0.0,0.0,1.0,1.0,1.0
2353797,2025-10-11,18:30:00,Vicenza,Virt. Verona,Çifte Şans :: ÇŞ 1-X,93.0,1.0,0.93,0.0,0.0,1.0,1.0,1.0
2353935,2025-10-11,18:30:00,Fiorentina FC (K),Inter (K),İlk Yarı Karşılıklı Gol :: İY KG Yok,85.0,1.06,0.9010000000000001,0.0,0.0,1.0,1.0,1.0
2354067,2025-10-11,18:30:00,Forli Fc,Ternana,Her İki Yarıda da 1.5 Gol Üst Olur mu? :: Hayır,90.0,1.0,0.9,0.0,0.0,1.0,1.0,1.0
2424706,2025-10-11,18:30:00,Liver. Montevideo,R. Montevideo,"İlk Yarı Gol Alt/Üst :: İY 0,5 Üst",66.0,1.28,0.8448,0.0,0.0,1.0,1.0,1.0
2346675,2025-10-11,18:45:00,Werder Bremen (K),Hamburger SV (K),Çifte Şans :: ÇŞ 1-X,78.0,1.0,0.78,0.0,0.0,1.0,1.0,1.0
2349378,2025-10-11,19:00:00,Macaristan,Ermenistan,Deplasman Her İki Yarıyı da Kazanır mı? :: Hayır,95.0,1.0,0.95,0.0,0.0,1.0,1.0,1.0
2352708,2025-10-11,19:00:00,Barcelona B,Reus FC Reddis,Çifte Şans :: ÇŞ 1-X,85.0,1.0,0.85,0.0,0.0,1.0,1.0,1.0
2353231,2025-10-11,19:00:00,Unionistas CF,Merida AD,Her İki Yarıda da 1.5 Gol Üst Olur mu? :: Hayır,92.0,1.0,0.92,0.0,0.0,1.0,1.0,1.0
2353409,2025-10-11,19:00:00,SD Gernika Club,Amorebieta,İlk Yarı Karşılıklı Gol :: İY KG Yok,84.0,1.0,0.84,0.0,0.0,1.0,1.0,1.0
2353456,2025-10-11,19:00:00,De Treffers,Almere City FC,İlk Yarı Karşılıklı Gol :: İY KG Yok,85.0,1.16,0.986,0.0,0.0,1.0,1.0,1.0
2353956,2025-10-11,19:00:00,VfB Oldenburg,Kickers Emden,Çifte Şans :: ÇŞ 1-2,81.0,1.0,0.81,0.0,0.0,1.0,1.0,1.0
2430252,2025-10-11,19:00:00,Rodina Moscow,SKA-Khabaro.,İlk Yarı Karşılıklı Gol :: İY KG Yok,84.0,1.0,0.84,0.0,0.0,1.0,1.0,1.0
2437417,2025-10-11,19:00:00,CA Atlanta,Chaco For Ever,İlk Yarı Karşılıklı Gol :: İY KG Yok,88.0,1.0,0.88,0.0,0.0,1.0,1.0,1.0
2350080,2025-10-11,19:15:00,The New Saints,Penybont,Çifte Şans :: ÇŞ 1-X,91.0,1.0,0.91,0.0,0.0,1.0,1.0,1.0
2353357,2025-10-11,19:30:00,Talavera R,Ponferradina,Her İki Yarıda da 1.5 Gol Üst Olur mu? :: Hayır,90.0,1.0,0.9,0.0,0.0,1.0,1.0,1.0
2353380,2025-10-11,19:30:00,Arenas Club De Getxo,Lugo,Her İki Yarıda da 1.5 Gol Üst Olur mu? :: Hayır,92.0,1.0,0.92,0.0,0.0,1.0,1.0,1.0
2353657,2025-10-11,19:30:00,Algeciras CF,CE Europa,Her İki Yarıda da 1.5 Gol Üst Olur mu? :: Hayır,93.0,1.0,0.93,0.0,0.0,1.0,1.0,1.0
2353922,2025-10-11,19:30:00,Aguilas,CA Antoniano,İlk Yarı Karşılıklı Gol :: İY KG Yok,84.0,1.0,0.84,0.0,0.0,1.0,1.0,1.0
2444048,2025-10-11,19:30:00,Oldham,Barrow,Deplasman Her İki Yarıyı da Kazanır mı? :: Hayır,95.0,1.0,0.95,0.0,0.0,1.0,1.0,1.0
2444067,2025-10-11,19:30:00,R.Sociedad B,Andorra,"Toplam Gol Alt/Üst :: 0,5 Üst",93.0,1.0,0.93,0.0,0.0,1.0,1.0,1.0
2444068,2025-10-11,19:30:00,Almeria,Zaragoza,Deplasman Her İki Yarıyı da Kazanır mı? :: Hayır,95.0,1.0,0.95,0.0,0.0,1.0,1.0,1.0
2350505,2025-10-11,19:45:00,Emmen,Eindhoven,Deplasman Her İki Yarıyı da Kazanır mı? :: Hayır,93.0,1.0,0.93,0.0,0.0,1.0,1.0,1.0
2350257,2025-10-11,20:00:00,Almanya U19,Kosova U19,Çifte Şans :: ÇŞ 1-X,96.0,1.0,0.96,0.0,0.0,1.0,1.0,1.0
2350314,2025-10-11,20:00:00,Belenenses,SC Covilha,Çifte Şans :: ÇŞ 1-X,85.0,1.0,0.85,0.0,0.0,1.0,1.0,1.0
2353716,2025-10-11,20:00:00,Deportivo La Coruna ,Cdef Logrono (K),Çifte Şans :: ÇŞ 1-X,87.0,1.0,0.87,0.0,0.0,1.0,1.0,1.0
2434199,2025-10-11,20:15:00,B.A.E.,Umman,"İlk Yarı Gol Alt/Üst :: İY 2,5 Alt",93.0,1.0,0.93,0.0,0.0,1.0,1.0,1.0
2350400,2025-10-11,20:30:00,Jastrzebie,KKS Kalisz,Her İki Yarıda da 1.5 Gol Üst Olur mu? :: Hayır,85.0,1.0,0.85,0.0,0.0,1.0,1.0,1.0
2349753,2025-10-11,21:00:00,Greenville T,Union Omaha SC,İlk Yarı Karşılıklı Gol :: İY KG Yok,85.0,1.09,0.9265000000000001,0.0,0.0,1.0,1.0,1.0
2353359,2025-10-11,21:00:00,Tlaxcala FC,Tampico Madero,İlk Yarı Karşılıklı Gol :: İY KG Yok,79.0,1.0,0.79,0.0,0.0,1.0,1.0,1.0
2424733,2025-10-11,21:00:00,Cerro Largo,Boston River,"İlk Yarı Gol Alt/Üst :: İY 0,5 Üst",63.0,1.37,0.8631,0.0,0.0,1.0,1.0,1.0
2349942,2025-10-11,21:45:00,İspanya,Gürcistan,Deplasman Gol Yemeden Kazanır mı? :: Hayır,95.0,1.0,0.95,0.0,0.0,1.0,1.0,1.0
2350231,2025-10-11,21:45:00,Portekiz,İrlanda,Deplasman Gol Yemeden Kazanır mı? :: Hayır,95.0,1.0,0.95,0.0,0.0,1.0,1.0,1.0
2350283,2025-10-11,21:45:00,Estonya,İtalya,Ev Sahibi Gol Yemeden Kazanır mı? :: Hayır,95.0,1.0,0.95,0.0,0.0,1.0,1.0,1.0
2350906,2025-10-11,21:45:00,Sırbistan,Arnavutluk,Deplasman Her İki Yarıyı da Kazanır mı? :: Hayır,96.0,1.0,0.96,0.0,0.0,1.0,1.0,1.0
2350966,2025-10-11,21:45:00,Bulgaristan,Türkiye,Ev Sahibi Gol Yemeden Kazanır mı? :: Hayır,98.0,1.0,0.98,0.0,0.0,1.0,1.0,1.0
2350124,2025-10-11,22:00:00,Valour FC,Hfx Wan,"Toplam Gol Alt/Üst :: 1,5 Üst",78.0,1.12,0.8736000000000002,0.0,0.0,1.0,1.0,1.0
2350389,2025-10-11,22:00:00,Cambuur,Graafschap,"Toplam Gol Alt/Üst :: 5,5 Alt",92.0,1.0,0.92,0.0,0.0,1.0,1.0,1.0
2405884,2025-10-11,22:00:00,Univ. de Vinto,Academia del Balompi,Çifte Şans :: ÇŞ 1-X,81.0,1.0,0.81,0.0,0.0,1.0,1.0,1.0
2443955,2025-10-11,22:00:00,Gymnasia,Talleres,"Toplam Gol Alt/Üst :: 0,5 Üst",93.0,1.0,0.93,0.0,0.0,1.0,1.0,1.0
2443969,2025-10-11,22:00:00,Athletic Club MG,Goias EC,Her İki Yarıda da 1.5 Gol Üst Olur mu? :: Hayır,93.0,1.0,0.93,0.0,0.0,1.0,1.0,1.0
2434202,2025-10-11,22:30:00,Irak,Endonezya,"Deplasman Gol Alt/Üst :: Dep 2,5 Alt",92.0,1.0,0.92,0.0,0.0,1.0,1.0,1.0
2349956,2025-10-11,23:00:00,İspanya U20,Kolombiya U20,"İlk Yarı Gol Alt/Üst :: İY 2,5 Alt",89.0,1.0,0.89,0.0,0.0,1.0,1.0,1.0
2350659,2025-10-11,23:00:00,Detroit City,Loudoun Utd.,Çifte Şans :: ÇŞ 1-X,85.0,1.06,0.9010000000000001,0.0,0.0,1.0,1.0,1.0
2443975,2025-10-11,23:00:00,Deportes Tol,Envigado,Çifte Şans :: ÇŞ 1-X,89.0,1.0,0.89,0.0,0.0,1.0,1.0,1.0
2445692,2025-10-11,23:00:00,Deportivo Madryn,Gimnasia Y,İlk Yarı Karşılıklı Gol :: İY KG Yok,88.0,1.0,0.88,0.0,0.0,1.0,1.0,1.0
2377402,2025-10-11,23:30:00,Club 2 De Mayo De Pe,Cerro Porteno,İlk Yarı Karşılıklı Gol :: İY KG Yok,75.0,1.0,0.75,0.0,0.0,1.0,1.0,1.0
2353953,2025-10-12,00:00:00,CD Mictlan,Xelaju,İlk Yarı Karşılıklı Gol :: İY KG Yok,83.0,1.0,0.83,0.0,0.0,1.0,1.0,1.0
2424735,2025-10-12,00:00:00,Miramar Misiones,Penarol,"İlk Yarı Gol Alt/Üst :: İY 1,5 Alt",63.0,1.24,0.7812,0.0,0.0,1.0,1.0,1.0
2443957,2025-10-12,00:00:00,Banfield,Racing,Her İki Yarıda da 1.5 Gol Üst Olur mu? :: Hayır,92.0,1.0,0.92,0.0,0.0,1.0,1.0,1.0
2405867,2025-10-12,00:30:00,Cdt Real Oruro,Nacional Potosi,Çifte Şans :: ÇŞ 1-2,82.0,1.06,0.8692,0.0,0.0,1.0,1.0,1.0
2349429,2025-10-12,01:00:00,Forward Ma,Chattanooga Red Wolv,Çifte Şans :: ÇŞ 1-X,83.0,1.0,0.83,0.0,0.0,1.0,1.0,1.0
2443968,2025-10-12,01:00:00,Palmeiras,Juventude,"Deplasman Gol Alt/Üst :: Dep 2,5 Alt",96.0,1.0,0.96,0.0,0.0,1.0,1.0,1.0
2349317,2025-10-12,02:00:00,Meksika U20,Arjantin U20,"Ev Sahibi Gol Alt/Üst :: Ev 2,5 Alt",86.0,1.0,0.86,0.0,0.0,1.0,1.0,1.0
2349406,2025-10-12,02:00:00,Pittsburgh R,Indy Eleven,Çifte Şans :: ÇŞ 1-X,85.0,1.0,0.85,0.0,0.0,1.0,1.0,1.0
2349943,2025-10-12,02:00:00,Rhode Island FC,Tampa Bay,Her İki Yarıda da 1.5 Gol Üst Olur mu? :: Hayır,85.0,1.0,0.85,0.0,0.0,1.0,1.0,1.0
2350036,2025-10-12,02:00:00,Hartford Ath,Sacramento R,Her İki Yarıda da 1.5 Gol Üst Olur mu? :: Hayır,91.0,1.0,0.91,0.0,0.0,1.0,1.0,1.0
2350271,2025-10-12,02:00:00,Lexington SC,El Paso Loc.,Her İki Yarıda da 1.5 Gol Üst Olur mu? :: Hayır,88.0,1.0,0.88,0.0,0.0,1.0,1.0,1.0
2353425,2025-10-12,02:00:00,Municipal,CSD Imperial,Çifte Şans :: ÇŞ 1-X,93.0,1.0,0.93,0.0,0.0,1.0,1.0,1.0
2377405,2025-10-12,02:00:00,CA Tembetary,Libertad,İlk Yarı Karşılıklı Gol :: İY KG Yok,89.0,1.0,0.89,0.0,0.0,1.0,1.0,1.0
2349597,2025-10-12,02:30:00,Louisville,Miami,Çifte Şans :: ÇŞ 1-X,89.0,1.0,0.89,0.0,0.0,1.0,1.0,1.0
2350014,2025-10-12,02:30:00,Orlando C.,Vancouver,"Toplam Gol Alt/Üst :: 5,5 Alt",92.0,1.0,0.92,0.0,0.0,1.0,1.0,1.0
2350580,2025-10-12,02:30:00,Inter Miami,Atlanta Utd.,Deplasman Gol Yemeden Kazanır mı? :: Hayır,98.0,1.0,0.98,0.0,0.0,1.0,1.0,1.0
2350974,2025-10-12,02:30:00,Charleston,Colorado Spr,"Toplam Gol Alt/Üst :: 1,5 Üst",81.0,1.0,0.81,0.0,0.0,1.0,1.0,1.0
2424736,2025-10-12,02:30:00,Ca Cerro,D. Sporting,"İlk Yarı Gol Alt/Üst :: İY 0,5 Üst",71.0,1.38,0.9797999999999999,0.0,0.0,1.0,1.0,1.0
2437413,2025-10-12,02:30:00,Gimnasia Y Tiro,CA Temperley,İlk Yarı Karşılıklı Gol :: İY KG Yok,90.0,1.0,0.9,0.0,0.0,1.0,1.0,1.0
2353176,2025-10-12,03:00:00,Texoma FC,Richmond,İlk Yarı Karşılıklı Gol :: İY KG Yok,79.0,1.07,0.8453,0.0,0.0,1.0,1.0,1.0
2353549,2025-10-12,03:00:00,Tulsa Roughnecks,San Antonio,Çifte Şans :: ÇŞ 1-X,84.0,1.0,0.84,0.0,0.0,1.0,1.0,1.0
2405956,2025-10-12,03:00:00,Guabira,Aurora,Çifte Şans :: ÇŞ 1-2,78.0,1.0,0.78,0.0,0.0,1.0,1.0,1.0
2443976,2025-10-12,03:30:00,America Cali,D. La Equidad,Çifte Şans :: ÇŞ 1-X,96.0,1.0,0.96,0.0,0.0,1.0,1.0,1.0
2350561,2025-10-12,04:00:00,Angel Firpo,C.D. Cacahuatique,Çifte Şans :: ÇŞ 1-X,85.0,1.0,0.85,0.0,0.0,1.0,1.0,1.0
2350874,2025-10-12,04:00:00,CD Fas,Municipal Li,İlk Yarı Karşılıklı Gol :: İY KG Yok,85.0,1.0,0.85,0.0,0.0,1.0,1.0,1.0
2353008,2025-10-12,04:00:00,New Mexico,Orange Count,Her İki Yarıda da 1.5 Gol Üst Olur mu? :: Hayır,82.0,1.0,0.82,0.0,0.0,1.0,1.0,1.0
2353122,2025-10-12,04:00:00,CD Mineros De Zacate,Leones Negros,İlk Yarı Karşılıklı Gol :: İY KG Yok,84.0,1.06,0.8904000000000001,0.0,0.0,1.0,1.0,1.0
2353128,2025-10-12,04:00:00,CA Zacatepec,CD Tapatio,Çifte Şans :: ÇŞ 1-X,86.0,1.0,0.86,0.0,0.0,1.0,1.0,1.0
2353160,2025-10-12,04:00:00,Spokane Velocity FC,South Geor ,Çifte Şans :: ÇŞ 1-X,84.0,1.0,0.84,0.0,0.0,1.0,1.0,1.0
2353840,2025-10-12,04:00:00,Antigua GFC,Dep. Achuapa,Çifte Şans :: ÇŞ 1-X,97.0,1.0,0.97,0.0,0.0,1.0,1.0,1.0
2388073,2025-10-12,04:00:00,Coastal Spirit FC,Wellington Ol.,Çifte Şans :: ÇŞ X-2,89.0,1.0,0.89,0.0,0.0,1.0,1.0,1.0
2417414,2025-10-12,04:00:00,Meksika,Kolombiya,"Toplam Gol Alt/Üst :: 0,5 Üst",93.0,1.0,0.93,0.0,0.0,1.0,1.0,1.0
2350427,2025-10-12,04:15:00,Metapan,Alianza,İlk Yarı Karşılıklı Gol :: İY KG Yok,85.0,1.0,0.85,0.0,0.0,1.0,1.0,1.0
2443956,2025-10-12,04:15:00,Velez,Rosario C.,Deplasman Her İki Yarıyı da Kazanır mı? :: Hayır,91.0,1.0,0.91,0.0,0.0,1.0,1.0,1.0
2443959,2025-10-12,04:15:00,CA Belgrano,Estudiantes,Deplasman Her İki Yarıyı da Kazanır mı? :: Hayır,92.0,1.0,0.92,0.0,0.0,1.0,1.0,1.0
2353094,2025-10-12,04:30:00,Seattle S.,Real Salt Lake,"Toplam Gol Alt/Üst :: 0,5 Üst",95.0,1.0,0.95,0.0,0.0,1.0,1.0,1.0
2443966,2025-10-12,05:00:00,Heidelberg,Marconi Stal,"Deplasman Gol Alt/Üst :: Dep 2,5 Alt",88.0,1.0,0.88,0.0,0.0,1.0,1.0,1.0
2443983,2025-10-12,05:00:00,Broad. Magic,Moreton C. Exc.,"Ev Sahibi Gol Alt/Üst :: Ev 2,5 Alt",84.0,1.0,0.84,0.0,0.0,1.0,1.0,1.0
2444017,2025-10-12,05:00:00,South Hobart,Woll. Wolves,"Deplasman Gol Alt/Üst :: Dep 3,5 Alt",87.0,1.0,0.87,0.0,0.0,1.0,1.0,1.0
2353412,2025-10-12,05:30:00,LA Galaxy,Dallas,"Toplam Gol Alt/Üst :: 5,5 Alt",93.0,1.0,0.93,0.0,0.0,1.0,1.0,1.0
2353950,2025-10-12,05:30:00,Las Vegas Li,Oakland Roots SC,Her İki Yarıda da 1.5 Gol Üst Olur mu? :: Hayır,84.0,1.0,0.84,0.0,0.0,1.0,1.0,1.0
2352763,2025-10-12,06:00:00,Dorados,Atlante,İlk Yarı Karşılıklı Gol :: İY KG Yok,85.0,1.0,0.85,0.0,0.0,1.0,1.0,1.0
2352673,2025-10-12,08:00:00,Gimhae FC,Mokpo City,Çifte Şans :: ÇŞ 1-X,97.0,1.0,0.97,0.0,0.0,1.0,1.0,1.0
2352972,2025-10-12,08:00:00,Thespakusatsu,Hachnohe,İlk Yarı Karşılıklı Gol :: İY KG Yok,83.0,1.0,0.83,0.0,0.0,1.0,1.0,1.0
2353146,2025-10-12,08:00:00,Zweigen Kanazawa,Azul Claro Numazu,Çifte Şans :: ÇŞ 1-X,83.0,1.0,0.83,0.0,0.0,1.0,1.0,1.0
2353335,2025-10-12,08:00:00,Gangneung City FC,Busan FC,İlk Yarı Karşılıklı Gol :: İY KG Yok,80.0,1.0,0.8,0.0,0.0,1.0,1.0,1.0
2353400,2025-10-12,08:00:00,Tochigi,Fukushima Utd.,Çifte Şans :: ÇŞ 1-X,80.0,1.0,0.8,0.0,0.0,1.0,1.0,1.0
2353981,2025-10-12,08:00:00,Gainare Tottori,SC Sagamihara,İlk Yarı Karşılıklı Gol :: İY KG Yok,81.0,1.0,0.81,0.0,0.0,1.0,1.0,1.0
2354023,2025-10-12,08:00:00,Jeonnam Dragons,Ansan Greene,Çifte Şans :: ÇŞ 1-X,84.0,1.0,0.84,0.0,0.0,1.0,1.0,1.0
2354048,2025-10-12,08:00:00,Kochi Utd.,Gifu,İlk Yarı Karşılıklı Gol :: İY KG Yok,84.0,1.06,0.8904000000000001,0.0,0.0,1.0,1.0,1.0
2354156,2025-10-12,08:00:00,Cerezo Osaka Sakai (,JEF United Ichihara ,Çifte Şans :: ÇŞ 1-X,79.0,1.0,0.79,0.0,0.0,1.0,1.0,1.0
2444053,2025-10-12,08:00:00,Busan IPark,Bucheon,Her İki Yarıda da 1.5 Gol Üst Olur mu? :: Hayır,85.0,1.0,0.85,0.0,0.0,1.0,1.0,1.0
2444054,2025-10-12,08:00:00,SS Bluewings,Cheonan City FC,Çifte Şans :: ÇŞ 1-X,89.0,1.0,0.89,0.0,0.0,1.0,1.0,1.0
2443963,2025-10-12,08:30:00,Avondale FC,Canberra FC,"Deplasman Gol Alt/Üst :: Dep 2,5 Alt",94.0,1.0,0.94,0.0,0.0,1.0,1.0,1.0
2444008,2025-10-12,08:30:00,Sydney Utd.,Bayswater,"Ev Sahibi Gol Alt/Üst :: Ev 0,5 Üst",90.0,1.0,0.9,0.0,0.0,1.0,1.0,1.0
2444057,2025-10-12,09:00:00,S. Hiroshima,Yokohama,Deplasman Gol Yemeden Kazanır mı? :: Hayır,96.0,1.0,0.96,0.0,0.0,1.0,1.0,1.0
2444058,2025-10-12,10:00:00,Kashiwa,Kawasaki,"Toplam Gol Alt/Üst :: 0,5 Üst",94.0,1.0,0.94,0.0,0.0,1.0,1.0,1.0
2444023,2025-10-12,10:30:00,Shenzhen Juniors,Shaanxi Union,Her İki Yarıda da 1.5 Gol Üst Olur mu? :: Hayır,86.0,1.0,0.86,0.0,0.0,1.0,1.0,1.0
2444055,2025-10-12,10:30:00,Chungnam Asan,Gyeongnam,Her İki Yarıda da 1.5 Gol Üst Olur mu? :: Hayır,81.0,1.0,0.81,0.0,0.0,1.0,1.0,1.0
2444056,2025-10-12,10:30:00,Seongnam FC,Incheon United FC,Her İki Yarıda da 1.5 Gol Üst Olur mu? :: Hayır,87.0,1.0,0.87,0.0,0.0,1.0,1.0,1.0
2353601,2025-10-12,11:30:00,A. Petrzalka,Inter Bratislava,İlk Yarı Karşılıklı Gol :: İY KG Yok,83.0,1.06,0.8798,0.0,0.0,1.0,1.0,1.0
2353328,2025-10-12,12:30:00,CD Alcoyano,UD Poblense,İlk Yarı Karşılıklı Gol :: İY KG Yok,82.0,1.0,0.82,0.0,0.0,1.0,1.0,1.0
2353350,2025-10-12,12:30:00,La Union Atl.,Linares Dep.,İkinci Yarı Karşılıklı Gol :: 2.Y KG Yok,86.0,1.0,0.86,0.0,0.0,1.0,1.0,1.0
2352636,2025-10-12,13:00:00,CD Castellon B,CD Ibiza Islas Pitiu,İlk Yarı Karşılıklı Gol :: İY KG Yok,80.0,1.06,0.8480000000000001,0.0,0.0,1.0,1.0,1.0
2352744,2025-10-12,13:00:00,Girona FC B,UE Porreres,İlk Yarı Karşılıklı Gol :: İY KG Yok,84.0,1.0,0.84,0.0,0.0,1.0,1.0,1.0
2352760,2025-10-12,13:00:00,Elche B,Las Palmas Atl.,İlk Yarı Karşılıklı Gol :: İY KG Yok,84.0,1.0,0.84,0.0,0.0,1.0,1.0,1.0
2352888,2025-10-12,13:00:00,Colonia Moscardo,UB Conquense,İlk Yarı Karşılıklı Gol :: İY KG Yok,82.0,1.0,0.82,0.0,0.0,1.0,1.0,1.0
2352896,2025-10-12,13:00:00,At Malagueno,CD Estepona,İlk Yarı Karşılıklı Gol :: İY KG Yok,88.0,1.0,0.88,0.0,0.0,1.0,1.0,1.0
2352981,2025-10-12,13:00:00,Sabadell,CD Teruel,Her İki Yarıda da 1.5 Gol Üst Olur mu? :: Hayır,84.0,1.0,0.84,0.0,0.0,1.0,1.0,1.0
2352995,2025-10-12,13:00:00,Atl. Madrid (K),Barcelona (K),Çifte Şans :: ÇŞ X-2,95.0,1.0,0.95,0.0,0.0,1.0,1.0,1.0
2353088,2025-10-12,13:00:00,CD Tenerife B,UD Socuellamos CF,Çifte Şans :: ÇŞ 1-X,83.0,1.0,0.83,0.0,0.0,1.0,1.0,1.0
2353127,2025-10-12,13:00:00,San Sebastian R.,Rayo Vallecano B,Çifte Şans :: ÇŞ 1-X,94.0,1.0,0.94,0.0,0.0,1.0,1.0,1.0
2353185,2025-10-12,13:00:00,CE Andratx,CDA Baleares,İlk Yarı Karşılıklı Gol :: İY KG Yok,76.0,1.0,0.76,0.0,0.0,1.0,1.0,1.0
2353206,2025-10-12,13:00:00,CA Osasuna B,Racing Ferrol,Her İki Yarıda da 1.5 Gol Üst Olur mu? :: Hayır,89.0,1.0,0.89,0.0,0.0,1.0,1.0,1.0
2353232,2025-10-12,13:00:00,Ucam Murcia CF,Xerez Deportivo FC,Çifte Şans :: ÇŞ 1-X,82.0,1.0,0.82,0.0,0.0,1.0,1.0,1.0
2353247,2025-10-12,13:00:00,Real Valladolid B,CD Lealtad De Villav,İlk Yarı Karşılıklı Gol :: İY KG Yok,89.0,1.0,0.89,0.0,0.0,1.0,1.0,1.0
2353290,2025-10-12,13:00:00,Dep. Minera,Recreativo,İlk Yarı Karşılıklı Gol :: İY KG Yok,84.0,1.0,0.84,0.0,0.0,1.0,1.0,1.0
2353337,2025-10-12,13:00:00,Levante (K),Sevilla FC (K),İkinci Yarı Karşılıklı Gol :: 2.Y KG Yok,88.0,1.06,0.9328,0.0,0.0,1.0,1.0,1.0
2353527,2025-10-12,13:00:00,Fuenlabrada,CF Intercity,İlk Yarı Karşılıklı Gol :: İY KG Yok,83.0,1.0,0.83,0.0,0.0,1.0,1.0,1.0
2353632,2025-10-12,13:00:00,Real Jaen CF,Melilla,İlk Yarı Karşılıklı Gol :: İY KG Yok,84.0,1.0,0.84,0.0,0.0,1.0,1.0,1.0
2353747,2025-10-12,13:00:00,RSD Alcala,CD Quintanar Del Rey,İkinci Yarı Karşılıklı Gol :: 2.Y KG Yok,88.0,1.0,0.88,0.0,0.0,1.0,1.0,1.0
2353876,2025-10-12,13:00:00,Juventud Torremolino,Ibiza,Her İki Yarıda da 1.5 Gol Üst Olur mu? :: Hayır,88.0,1.0,0.88,0.0,0.0,1.0,1.0,1.0
2353979,2025-10-12,13:00:00,R. Madrid Castilla,Pontevedra,Her İki Yarıda da 1.5 Gol Üst Olur mu? :: Hayır,87.0,1.0,0.87,0.0,0.0,1.0,1.0,1.0
2354021,2025-10-12,13:00:00,Granadilla (K),SD Eibar (K),Çifte Şans :: ÇŞ 1-X,94.0,1.0,0.94,0.0,0.0,1.0,1.0,1.0
2352779,2025-10-12,13:30:00,Monopoli,Salernitana,Her İki Yarıda da 1.5 Gol Üst Olur mu? :: Hayır,89.0,1.0,0.89,0.0,0.0,1.0,1.0,1.0
2353063,2025-10-12,13:30:00,Burgos CF Promesas,Atletico Astorga FC,İlk Yarı Karşılıklı Gol :: İY KG Yok,83.0,1.0,0.83,0.0,0.0,1.0,1.0,1.0
2353120,2025-10-12,13:30:00,FC Gute,Sunnersta AIF,Çifte Şans :: ÇŞ 1-2,79.0,1.0,0.79,0.0,0.0,1.0,1.0,1.0
2353714,2025-10-12,13:30:00,Vis Pesaro,Torres,Her İki Yarıda da 1.5 Gol Üst Olur mu? :: Hayır,93.0,1.0,0.93,0.0,0.0,1.0,1.0,1.0
2350458,2025-10-12,14:00:00,Rosengaard ,BK Olympic,İlk Yarı Karşılıklı Gol :: İY KG Yok,84.0,1.07,0.8988,0.0,0.0,1.0,1.0,1.0
2350947,2025-10-12,14:00:00,Chelsea (K),Tottenham Hotspur FC,Çifte Şans :: ÇŞ 1-X,95.0,1.0,0.95,0.0,0.0,1.0,1.0,1.0
2352707,2025-10-12,14:00:00,Notodden,Traeff,"Toplam Gol Alt/Üst :: 1,5 Üst",84.0,1.06,0.8904000000000001,0.0,0.0,1.0,1.0,1.0
2352734,2025-10-12,14:00:00,Everton (K),Manchester United (K,Çifte Şans :: ÇŞ X-2,90.0,1.0,0.9,0.0,0.0,1.0,1.0,1.0
2352764,2025-10-12,14:00:00,Vastra Frolunda IF,Lindome,İlk Yarı Karşılıklı Gol :: İY KG Yok,78.0,1.23,0.9594,0.0,0.0,1.0,1.0,1.0
2353518,2025-10-12,14:00:00,Aston Villa (K),Leicester City (K),Çifte Şans :: ÇŞ 1-X,84.0,1.0,0.84,0.0,0.0,1.0,1.0,1.0
2353746,2025-10-12,14:00:00,Sandnes ULF,Brattvag,Çifte Şans :: ÇŞ 1-X,81.0,1.0,0.81,0.0,0.0,1.0,1.0,1.0
2353897,2025-10-12,14:00:00,Smedby AIS,Aram Syrians,Çifte Şans :: ÇŞ 1-2,82.0,1.0,0.82,0.0,0.0,1.0,1.0,1.0
2354072,2025-10-12,14:00:00,London City (K),West Ham (K),İlk Yarı Karşılıklı Gol :: İY KG Yok,85.0,1.07,0.9095,0.0,0.0,1.0,1.0,1.0
2444026,2025-10-12,14:00:00,S. Dongwu,Y. Longding,Her İki Yarıda da 1.5 Gol Üst Olur mu? :: Hayır,83.0,1.0,0.83,0.0,0.0,1.0,1.0,1.0
2444024,2025-10-12,14:30:00,Jiangxi D. United,Nantong Zhiyun,Her İki Yarıda da 1.5 Gol Üst Olur mu? :: Hayır,93.0,1.0,0.93,0.0,0.0,1.0,1.0,1.0
2444025,2025-10-12,14:30:00,Qingdao Red,Guangxi Bao,Her İki Yarıda da 1.5 Gol Üst Olur mu? :: Hayır,90.0,1.0,0.9,0.0,0.0,1.0,1.0,1.0
2346800,2025-10-12,15:00:00,TSV Schwaben Augsbur,Augsburg II,Çifte Şans :: ÇŞ 1-2,78.0,1.0,0.78,0.0,0.0,1.0,1.0,1.0
2349689,2025-10-12,15:00:00,Rekord B-B,S. Stalowa,Her İki Yarıda da 1.5 Gol Üst Olur mu? :: Hayır,85.0,1.0,0.85,0.0,0.0,1.0,1.0,1.0
2352703,2025-10-12,15:00:00,IFK Trelleborg,Solvesborgs GoIF,Çifte Şans :: ÇŞ 1-2,85.0,1.0,0.85,0.0,0.0,1.0,1.0,1.0
2352773,2025-10-12,15:00:00,Varbergs Gif FK,Bergdalens IK,Çifte Şans :: ÇŞ 1-X,87.0,1.0,0.87,0.0,0.0,1.0,1.0,1.0
2353099,2025-10-12,15:00:00,SC Freiburg (K),E. Frankfurt (K),Çifte Şans :: ÇŞ X-2,85.0,1.0,0.85,0.0,0.0,1.0,1.0,1.0
2353104,2025-10-12,15:00:00,FC Arlanda,Team Tg,Çifte Şans :: ÇŞ 1-X,97.0,1.0,0.97,0.0,0.0,1.0,1.0,1.0
2353223,2025-10-12,15:00:00,Follo,Grorud,Her İki Yarıda da 1.5 Gol Alt Olur mu? :: Hayır,85.0,1.06,0.9010000000000001,0.0,0.0,1.0,1.0,1.0
2353332,2025-10-12,15:00:00,BK Astrio,Tvaakers,Çifte Şans :: ÇŞ 1-2,83.0,1.0,0.83,0.0,0.0,1.0,1.0,1.0
2353871,2025-10-12,15:00:00,Lidkopings,Motala,İlk Yarı Karşılıklı Gol :: İY KG Yok,80.0,1.07,0.8560000000000001,0.0,0.0,1.0,1.0,1.0
2353936,2025-10-12,15:00:00,Lubeck,Hannoverscher,Çifte Şans :: ÇŞ 1-X,89.0,1.0,0.89,0.0,0.0,1.0,1.0,1.0
2354125,2025-10-12,15:00:00,Eintracht Nordersted,Bremer SV,İlk Yarı Karşılıklı Gol :: İY KG Yok,76.0,1.17,0.8891999999999999,0.0,0.0,1.0,1.0,1.0
2444069,2025-10-12,15:00:00,Albacete,AD Ceuta,Deplasman Her İki Yarıyı da Kazanır mı? :: Hayır,95.0,1.0,0.95,0.0,0.0,1.0,1.0,1.0
2353494,2025-10-12,15:15:00,Zamora,Real Aviles CF,Çifte Şans :: ÇŞ 1-X,86.0,1.0,0.86,0.0,0.0,1.0,1.0,1.0
2350406,2025-10-12,15:30:00,Ajax (K),Excelsior (K),Çifte Şans :: ÇŞ 1-X,95.0,1.0,0.95,0.0,0.0,1.0,1.0,1.0
2352677,2025-10-12,15:30:00,Cittadella,Triestina,Her İki Yarıda da 1.5 Gol Üst Olur mu? :: Hayır,83.0,1.0,0.83,0.0,0.0,1.0,1.0,1.0
2352959,2025-10-12,15:30:00,Cavese,Trapani,Her İki Yarıda da 1.5 Gol Üst Olur mu? :: Hayır,90.0,1.0,0.9,0.0,0.0,1.0,1.0,1.0
2352990,2025-10-12,15:30:00,Siracusa,Sorrento,Her İki Yarıda da 1.5 Gol Üst Olur mu? :: Hayır,91.0,1.0,0.91,0.0,0.0,1.0,1.0,1.0
2353015,2025-10-12,15:30:00,Cosenza C.,Atalanta U23,Çifte Şans :: ÇŞ 1-X,87.0,1.0,0.87,0.0,0.0,1.0,1.0,1.0
2353190,2025-10-12,15:30:00,P. Grenland,Brann 2,Çifte Şans :: ÇŞ 1-2,84.0,1.0,0.84,0.0,0.0,1.0,1.0,1.0
2353913,2025-10-12,15:30:00,Potenza,Latina Calcio,Her İki Yarıda da 1.5 Gol Üst Olur mu? :: Hayır,86.0,1.0,0.86,0.0,0.0,1.0,1.0,1.0
2354114,2025-10-12,15:30:00,SSD Casarano Calcio,Cerignola,Her İki Yarıda da 1.5 Gol Üst Olur mu? :: Hayır,92.0,1.0,0.92,0.0,0.0,1.0,1.0,1.0
2346976,2025-10-12,16:00:00,Zambiya,Nijer,Her İki Yarıda da 1.5 Gol Üst Olur mu? :: Hayır,83.0,1.0,0.83,0.0,0.0,1.0,1.0,1.0
2349854,2025-10-12,16:00:00,NK Dugopolje,NK Sesvete,Çifte Şans :: ÇŞ 1-2,73.0,1.09,0.7957000000000001,0.0,0.0,1.0,1.0,1.0
2353289,2025-10-12,16:00:00,San Marino,G. Kıbrıs,"Ev Sahibi Gol Alt/Üst :: Ev 2,5 Alt",97.0,1.0,0.97,0.0,0.0,1.0,1.0,1.0
2353292,2025-10-12,16:00:00,Ahlafors IF,FBK Karlstad,Çifte Şans :: ÇŞ X-2,77.0,1.0,0.77,0.0,0.0,1.0,1.0,1.0
2431786,2025-10-12,16:00:00,Rotor,Chernomorets,İkinci Yarı Karşılıklı Gol :: 2.Y KG Yok,89.0,1.0,0.89,0.0,0.0,1.0,1.0,1.0
2349787,2025-10-12,16:30:00,NK Croatia Zmijavci,NK Jarun Zagreb,Çifte Şans :: ÇŞ 1-X,73.0,1.09,0.7957000000000001,0.0,0.0,1.0,1.0,1.0
2352947,2025-10-12,16:30:00,Jadran Dekani,ND Beltinci,Çifte Şans :: ÇŞ X-2,80.0,1.0,0.8,0.0,0.0,1.0,1.0,1.0
2353145,2025-10-12,16:30:00,Honefoss BK,STOR/BLINK,Her İki Yarıda da 1.5 Gol Alt Olur mu? :: Hayır,82.0,1.0,0.82,0.0,0.0,1.0,1.0,1.0
2353623,2025-10-12,16:30:00,Ilirija,Krka,İlk Yarı Karşılıklı Gol :: İY KG Yok,73.0,1.11,0.8103,0.0,0.0,1.0,1.0,1.0
2354008,2025-10-12,16:30:00,Arsenal (K),Brighton&Hove Albion,Çifte Şans :: ÇŞ 1-X,93.0,1.0,0.93,0.0,0.0,1.0,1.0,1.0
2424721,2025-10-12,16:30:00,Torque,Montevideo,"İlk Yarı Gol Alt/Üst :: İY 0,5 Üst",65.0,1.29,0.8385000000000001,0.0,0.0,1.0,1.0,1.0
2352777,2025-10-12,17:00:00,Vanersborgs,Herrestads AIF,İlk Yarı Karşılıklı Gol :: İY KG Yok,77.0,1.11,0.8547000000000001,0.0,0.0,1.0,1.0,1.0
2352843,2025-10-12,17:00:00,CD Arenteiro,CD Guadalajara,Her İki Yarıda da 1.5 Gol Üst Olur mu? :: Hayır,92.0,1.0,0.92,0.0,0.0,1.0,1.0,1.0
2352860,2025-10-12,17:00:00,Syrianska,Huddinge,Çifte Şans :: ÇŞ 1-2,78.0,1.0,0.78,0.0,0.0,1.0,1.0,1.0
2352862,2025-10-12,17:00:00,TSG Hoffenheim (K),Bayer Leverkusen (K),Çifte Şans :: ÇŞ 1-2,78.0,1.06,0.8268000000000001,0.0,0.0,1.0,1.0,1.0
2353228,2025-10-12,17:00:00,Skiljebo SK,Viggbyholms IK FF,Çifte Şans :: ÇŞ 1-2,83.0,1.0,0.83,0.0,0.0,1.0,1.0,1.0
2353296,2025-10-12,17:00:00,Gefle,United Nordic,İlk Yarı Karşılıklı Gol :: İY KG Yok,79.0,1.06,0.8374000000000001,0.0,0.0,1.0,1.0,1.0
2353559,2025-10-12,17:00:00,ND Gorica,Nd Slovan,İlk Yarı Karşılıklı Gol :: İY KG Yok,77.0,1.0,0.77,0.0,0.0,1.0,1.0,1.0
2353651,2025-10-12,17:00:00,Kristianstad,Torns,Çifte Şans :: ÇŞ 1-X,89.0,1.0,0.89,0.0,0.0,1.0,1.0,1.0
2353705,2025-10-12,17:00:00,FC Jarfalla,Bollstanas SK,Çifte Şans :: ÇŞ 1-X,88.0,1.0,0.88,0.0,0.0,1.0,1.0,1.0
2353707,2025-10-12,17:00:00,Hassleholms,Norrby,İlk Yarı Karşılıklı Gol :: İY KG Yok,79.0,1.08,0.8532000000000001,0.0,0.0,1.0,1.0,1.0
2353815,2025-10-12,17:00:00,IK Sleipner,IF Eker Orebro,Çifte Şans :: ÇŞ 1-2,78.0,1.0,0.78,0.0,0.0,1.0,1.0,1.0
2354132,2025-10-12,17:00:00,Atvidabergs,Enskede,Çifte Şans :: ÇŞ 1-2,82.0,1.0,0.82,0.0,0.0,1.0,1.0,1.0
2354153,2025-10-12,17:00:00,Arendal,Lysekloster,Her İki Yarıda da 1.5 Gol Alt Olur mu? :: Hayır,82.0,1.11,0.9102000000000001,0.0,0.0,1.0,1.0,1.0
2444070,2025-10-12,17:15:00,S.Gijon,R. Santander,Deplasman Her İki Yarıyı da Kazanır mı? :: Hayır,93.0,1.0,0.93,0.0,0.0,1.0,1.0,1.0
2444071,2025-10-12,17:15:00,Eibar,Castellon,Deplasman Her İki Yarıyı da Kazanır mı? :: Hayır,92.0,1.0,0.92,0.0,0.0,1.0,1.0,1.0
2352914,2025-10-12,17:30:00,CD Basconia,Deportivo Alaves II,İkinci Yarı Karşılıklı Gol :: 2.Y KG Yok,84.0,1.1,0.924,0.0,0.0,1.0,1.0,1.0
2353447,2025-10-12,17:30:00,Navalcarnero,Orihuela CF,İlk Yarı Karşılıklı Gol :: İY KG Yok,83.0,1.0,0.83,0.0,0.0,1.0,1.0,1.0
2353526,2025-10-12,17:30:00,Sevilla Atl.,Cartagena,Her İki Yarıda da 1.5 Gol Üst Olur mu? :: Hayır,93.0,1.0,0.93,0.0,0.0,1.0,1.0,1.0
2353807,2025-10-12,17:30:00,Tromsdalen,Strommen,Her İki Yarıda da 1.5 Gol Üst Olur mu? :: Hayır,82.0,1.07,0.8774000000000001,0.0,0.0,1.0,1.0,1.0
2353126,2025-10-12,18:00:00,Numancia,UD Samano,Çifte Şans :: ÇŞ 1-X,96.0,1.0,0.96,0.0,0.0,1.0,1.0,1.0
2353209,2025-10-12,18:00:00,Real Avila CF,Real Oviedo B,İlk Yarı Karşılıklı Gol :: İY KG Yok,82.0,1.0,0.82,0.0,0.0,1.0,1.0,1.0
2353346,2025-10-12,18:00:00,Athletic Bilbao (K),R. Madrid (K),İlk Yarı Karşılıklı Gol :: İY KG Yok,80.0,1.08,0.8640000000000001,0.0,0.0,1.0,1.0,1.0
2353385,2025-10-12,18:00:00,Coruxo,Bergantinos CF,İlk Yarı Karşılıklı Gol :: İY KG Yok,81.0,1.0,0.81,0.0,0.0,1.0,1.0,1.0
2359865,2025-10-12,18:00:00,Atletico CP,1 Dezembro,İkinci Yarı Karşılıklı Gol :: 2.Y KG Yok,81.0,1.0,0.81,0.0,0.0,1.0,1.0,1.0
2388142,2025-10-12,18:00:00,Sporting U23,Torreense U23,İlk Yarı Karşılıklı Gol :: İY KG Yok,82.0,1.0,0.82,0.0,0.0,1.0,1.0,1.0
2443974,2025-10-12,18:00:00,Un. Espanola,Huachipato,İlk Yarı Karşılıklı Gol :: İY KG Yok,80.0,1.07,0.8560000000000001,0.0,0.0,1.0,1.0,1.0
2352714,2025-10-12,18:30:00,Sestao River,Tudelano,Çifte Şans :: ÇŞ 1-X,83.0,1.0,0.83,0.0,0.0,1.0,1.0,1.0
2353317,2025-10-12,18:30:00,Albinoleffe,Calcio Lecco,Her İki Yarıda da 1.5 Gol Üst Olur mu? :: Hayır,90.0,1.0,0.9,0.0,0.0,1.0,1.0,1.0
2353467,2025-10-12,18:30:00,Benevento,Altamura,Çifte Şans :: ÇŞ 1-X,86.0,1.0,0.86,0.0,0.0,1.0,1.0,1.0
2353699,2025-10-12,18:30:00,Acd Ospitaletto,Arzignano Val.,Her İki Yarıda da 1.5 Gol Üst Olur mu? :: Hayır,93.0,1.0,0.93,0.0,0.0,1.0,1.0,1.0
2353718,2025-10-12,18:30:00,Ascoli,Pontedera,İlk Yarı Karşılıklı Gol :: İY KG Yok,88.0,1.0,0.88,0.0,0.0,1.0,1.0,1.0
2353821,2025-10-12,18:45:00,Liverpool (K),Man. City (K),Çifte Şans :: ÇŞ X-2,87.0,1.0,0.87,0.0,0.0,1.0,1.0,1.0
2346932,2025-10-12,19:00:00,Çad,Orta Afrika Cum.,Her İki Yarıda da 1.5 Gol Üst Olur mu? :: Hayır,85.0,1.0,0.85,0.0,0.0,1.0,1.0,1.0
2352805,2025-10-12,19:00:00,CD Xerez,UD Almeria B,Çifte Şans :: ÇŞ 1-X,89.0,1.0,0.89,0.0,0.0,1.0,1.0,1.0
2352884,2025-10-12,19:00:00,Sant Andreu,Valencia,İlk Yarı Karşılıklı Gol :: İY KG Yok,89.0,1.0,0.89,0.0,0.0,1.0,1.0,1.0
2352965,2025-10-12,19:00:00,RCD Espanyol II,Atletic Lleida CE,İlk Yarı Karşılıklı Gol :: İY KG Yok,85.0,1.0,0.85,0.0,0.0,1.0,1.0,1.0
2353156,2025-10-12,19:00:00,Hollanda,Finlandiya,Deplasman Gol Yemeden Kazanır mı? :: Hayır,98.0,1.0,0.98,0.0,0.0,1.0,1.0,1.0
2353173,2025-10-12,19:00:00,Logrones,SD Beasain,Çifte Şans :: ÇŞ 1-X,84.0,1.0,0.84,0.0,0.0,1.0,1.0,1.0
2353199,2025-10-12,19:00:00,UE Olot,Terrassa,İlk Yarı Karşılıklı Gol :: İY KG Yok,86.0,1.0,0.86,0.0,0.0,1.0,1.0,1.0
2353484,2025-10-12,19:00:00,Faroe Adaları,Çekya,Ev Sahibi Gol Yemeden Kazanır mı? :: Hayır,93.0,1.0,0.93,0.0,0.0,1.0,1.0,1.0
2353532,2025-10-12,19:00:00,Lorca Deportiva CF,CD Extremadura,İlk Yarı Karşılıklı Gol :: İY KG Yok,84.0,1.0,0.84,0.0,0.0,1.0,1.0,1.0
2353704,2025-10-12,19:00:00,İskoçya,Belarus,Deplasman Gol Yemeden Kazanır mı? :: Hayır,96.0,1.0,0.96,0.0,0.0,1.0,1.0,1.0
2424725,2025-10-12,19:00:00,Juventud,CA River Plate,"İlk Yarı Gol Alt/Üst :: İY 0,5 Üst",61.0,1.3,0.7929999999999999,0.0,0.0,1.0,1.0,1.0
2353416,2025-10-12,19:15:00,Atletico Sanluqueno,Antequera,Her İki Yarıda da 1.5 Gol Üst Olur mu? :: Hayır,92.0,1.0,0.92,0.0,0.0,1.0,1.0,1.0
2353618,2025-10-12,19:30:00,FC Köln (K),FC Union Berlin (K),Çifte Şans :: ÇŞ 1-2,78.0,1.06,0.8268000000000001,0.0,0.0,1.0,1.0,1.0
2444072,2025-10-12,19:30:00,Burgos,R. Valladolid,Deplasman Her İki Yarıyı da Kazanır mı? :: Hayır,91.0,1.0,0.91,0.0,0.0,1.0,1.0,1.0
2444073,2025-10-12,19:30:00,Cadiz,Huesca,Deplasman Her İki Yarıyı da Kazanır mı? :: Hayır,94.0,1.0,0.94,0.0,0.0,1.0,1.0,1.0
2353994,2025-10-12,19:45:00,Gimnastic,Alcorcon,Her İki Yarıda da 1.5 Gol Üst Olur mu? :: Hayır,92.0,1.0,0.92,0.0,0.0,1.0,1.0,1.0
2353078,2025-10-12,20:00:00,Malta,B. Hersek,Maç Sonucu :: MS 2,62.0,1.38,0.8555999999999999,0.0,0.0,1.0,1.0,1.0
2443958,2025-10-12,20:30:00,Aldosivi,Huracan,"Toplam Gol Alt/Üst :: 0,5 Üst",94.0,1.0,0.94,0.0,0.0,1.0,1.0,1.0
2353187,2025-10-12,21:00:00,Rayo Majadah,CD Coria,İlk Yarı Karşılıklı Gol :: İY KG Yok,85.0,1.0,0.85,0.0,0.0,1.0,1.0,1.0
2353533,2025-10-12,21:00:00,D. La Serena,Deportes Limache,İlk Yarı Karşılıklı Gol :: İY KG Yok,78.0,1.0,0.78,0.0,0.0,1.0,1.0,1.0
2353949,2025-10-12,21:00:00,Westchester SC,FC Naples,Çifte Şans :: ÇŞ 1-2,80.0,1.06,0.8480000000000001,0.0,0.0,1.0,1.0,1.0
2437428,2025-10-12,21:00:00,Gimnasia Y Esgrima J,San Miguel,İlk Yarı Karşılıklı Gol :: İY KG Yok,88.0,1.0,0.88,0.0,0.0,1.0,1.0,1.0
2444059,2025-10-12,21:00:00,Ayacucho FC,Asociacion Deportiva,İlk Yarı Karşılıklı Gol :: İY KG Yok,83.0,1.0,0.83,0.0,0.0,1.0,1.0,1.0
2353205,2025-10-12,21:30:00,Pro Patria,Union Brescia,İlk Yarı Karşılıklı Gol :: İY KG Yok,90.0,1.0,0.9,0.0,0.0,1.0,1.0,1.0
2353446,2025-10-12,21:30:00,Sambenedettese,Ravenna,Her İki Yarıda da 1.5 Gol Üst Olur mu? :: Hayır,85.0,1.0,0.85,0.0,0.0,1.0,1.0,1.0
2352865,2025-10-12,21:45:00,Hırvatistan,Cebelitarık,Çifte Şans :: ÇŞ 1-X,93.0,1.0,0.93,0.0,0.0,1.0,1.0,1.0
2353086,2025-10-12,21:45:00,Litvanya,Polonya,Ev Sahibi Gol Yemeden Kazanır mı? :: Hayır,92.0,1.0,0.92,0.0,0.0,1.0,1.0,1.0
2353130,2025-10-12,21:45:00,Romanya,Avusturya,"Toplam Gol Alt/Üst :: 0,5 Üst",93.0,1.0,0.93,0.0,0.0,1.0,1.0,1.0
2354055,2025-10-12,21:45:00,Danimarka,Yunanistan,Deplasman Her İki Yarıyı da Kazanır mı? :: Hayır,95.0,1.0,0.95,0.0,0.0,1.0,1.0,1.0
2346681,2025-10-12,22:00:00,Cibuti,Sierra Leone,Çifte Şans :: ÇŞ X-2,92.0,1.0,0.92,0.0,0.0,1.0,1.0,1.0
2347008,2025-10-12,22:00:00,Mali,Madagaskar,Çifte Şans :: ÇŞ 1-X,90.0,1.0,0.9,0.0,0.0,1.0,1.0,1.0
2347023,2025-10-12,22:00:00,Mısır,Gine Bissau,Çifte Şans :: ÇŞ 1-X,92.0,1.0,0.92,0.0,0.0,1.0,1.0,1.0
2347146,2025-10-12,22:00:00,Gana,Komorlar,Çifte Şans :: ÇŞ 1-X,92.0,1.0,0.92,0.0,0.0,1.0,1.0,1.0
2347183,2025-10-12,22:00:00,Burkina Faso,Etiyopya,Çifte Şans :: ÇŞ 1-X,93.0,1.0,0.93,0.0,0.0,1.0,1.0,1.0
2353434,2025-10-12,22:00:00,Atletico Ottawa,Vancouver Langley FC,Çifte Şans :: ÇŞ 1-X,88.0,1.0,0.88,0.0,0.0,1.0,1.0,1.0
2353911,2025-10-12,22:00:00,CP Cacereno,Tenerife,"Toplam Gol Alt/Üst :: 1,5 Üst",79.0,1.18,0.9322,0.0,0.0,1.0,1.0,1.0
2424716,2025-10-12,22:00:00,Danubio,Nacional,"İlk Yarı Gol Alt/Üst :: İY 1,5 Alt",67.0,1.22,0.8173999999999999,0.0,0.0,1.0,1.0,1.0
2443970,2025-10-12,22:00:00,Gremio Novo,Operario,İlk Yarı Karşılıklı Gol :: İY KG Yok,92.0,1.0,0.92,0.0,0.0,1.0,1.0,1.0
2443977,2025-10-12,22:00:00,Ind. Santa Fe,Llaneros FC Villavic,Çifte Şans :: ÇŞ 1-X,83.0,1.0,0.83,0.0,0.0,1.0,1.0,1.0
2444074,2025-10-12,22:00:00,Malaga,Deportivo,"Toplam Gol Alt/Üst :: 0,5 Üst",92.0,1.0,0.92,0.0,0.0,1.0,1.0,1.0
2443960,2025-10-12,22:45:00,Ind. Mendoza,Godoy Cruz,Deplasman Her İki Yarıyı da Kazanır mı? :: Hayır,96.0,1.0,0.96,0.0,0.0,1.0,1.0,1.0
2443961,2025-10-12,22:45:00,Instituto,Atl. Tucuman,Deplasman Her İki Yarıyı da Kazanır mı? :: Hayır,96.0,1.0,0.96,0.0,0.0,1.0,1.0,1.0
2352927,2025-10-12,23:00:00,Dep. Mixco,D Malacateco,İlk Yarı Karşılıklı Gol :: İY KG Yok,78.0,1.0,0.78,0.0,0.0,1.0,1.0,1.0
2353255,2025-10-12,23:00:00,ABD U20,Fas U20,"Deplasman Gol Alt/Üst :: Dep 2,5 Alt",93.0,1.0,0.93,0.0,0.0,1.0,1.0,1.0
2437441,2025-10-12,23:10:00,Estudiantes Caseros,CD Maipu,Çifte Şans :: ÇŞ 1-X,90.0,1.0,0.9,0.0,0.0,1.0,1.0,1.0
2377372,2025-10-12,23:30:00,Sportivo Ameliano,Guarani Asuncion,İlk Yarı Karşılıklı Gol :: İY KG Yok,86.0,1.0,0.86,0.0,0.0,1.0,1.0,1.0
2405885,2025-10-12,23:30:00,Alianza Atl.,Cultural San,Çifte Şans :: ÇŞ 1-X,87.0,1.0,0.87,0.0,0.0,1.0,1.0,1.0
2349488,2025-10-13,00:00:00,CD Platense Municipa,Fundacion Formado Un,İlk Yarı Karşılıklı Gol :: İY KG Yok,81.0,1.0,0.81,0.0,0.0,1.0,1.0,1.0
2350360,2025-10-13,00:00:00,Hercules,Zacatecoluca,İlk Yarı Karşılıklı Gol :: İY KG Yok,77.0,1.0,0.77,0.0,0.0,1.0,1.0,1.0
2444022,2025-10-13,00:10:00,Alianza FC,Junior,İlk Yarı Karşılıklı Gol :: İY KG Yok,83.0,1.0,0.83,0.0,0.0,1.0,1.0,1.0
2443971,2025-10-13,00:30:00,Criciuma,America MG,İlk Yarı Karşılıklı Gol :: İY KG Yok,83.0,1.0,0.83,0.0,0.0,1.0,1.0,1.0
2443972,2025-10-13,00:30:00,Vila Nova,Amazonas FC,İlk Yarı Karşılıklı Gol :: İY KG Yok,90.0,1.0,0.9,0.0,0.0,1.0,1.0,1.0
2353721,2025-10-13,01:00:00,Deportivo G,Comunicacion,İlk Yarı Karşılıklı Gol :: İY KG Yok,82.0,1.0,0.82,0.0,0.0,1.0,1.0,1.0
2437432,2025-10-13,01:00:00,T. Suarez,Agropecuario Argenti,İlk Yarı Karşılıklı Gol :: İY KG Yok,87.0,1.0,0.87,0.0,0.0,1.0,1.0,1.0
2437415,2025-10-13,01:10:00,Estudiantes R.C.,Patronato,İlk Yarı Karşılıklı Gol :: İY KG Yok,83.0,1.0,0.83,0.0,0.0,1.0,1.0,1.0
2443962,2025-10-13,01:15:00,River Plate,Sarmiento,Deplasman Her İki Yarıyı da Kazanır mı? :: Hayır,98.0,1.0,0.98,0.0,0.0,1.0,1.0,1.0
2352885,2025-10-13,02:00:00,Austin FC,Los Angeles FC,"Toplam Gol Alt/Üst :: 0,5 Üst",97.0,1.0,0.97,0.0,0.0,1.0,1.0,1.0
2353319,2025-10-13,02:00:00,Norveç U20,Fransa,"Ev Sahibi Gol Alt/Üst :: Ev 2,5 Alt",92.0,1.0,0.92,0.0,0.0,1.0,1.0,1.0
2377368,2025-10-13,02:00:00,N. Asuncion,Sportivo Luqueno,Çifte Şans :: ÇŞ 1-X,84.0,1.0,0.84,0.0,0.0,1.0,1.0,1.0
2444060,2025-10-13,02:00:00,RL Garcilaso,Comerciantes Unidos,Çifte Şans :: ÇŞ 1-X,89.0,1.0,0.89,0.0,0.0,1.0,1.0,1.0
2444021,2025-10-13,02:20:00,Bucaramanga,Union Magdalena,Çifte Şans :: ÇŞ 1-X,87.0,1.0,0.87,0.0,0.0,1.0,1.0,1.0
2443973,2025-10-13,02:30:00,Cuiaba,Coritiba,Her İki Yarıda da 1.5 Gol Üst Olur mu? :: Hayır,95.0,1.0,0.95,0.0,0.0,1.0,1.0,1.0
2352754,2025-10-13,03:00:00,CD Marquense,Aurora FC,İlk Yarı Karşılıklı Gol :: İY KG Yok,83.0,1.0,0.83,0.0,0.0,1.0,1.0,1.0
2353886,2025-10-13,03:15:00,Independiente,Lanus,Deplasman Her İki Yarıyı da Kazanır mı? :: Hayır,95.0,1.0,0.95,0.0,0.0,1.0,1.0,1.0
2437412,2025-10-13,03:15:00,Deportivo Moron,Tucuman,İlk Yarı Karşılıklı Gol :: İY KG Yok,90.0,1.0,0.9,0.0,0.0,1.0,1.0,1.0
2356467,2025-10-13,04:30:00,R. Aguilas,Deport Pasto,İlk Yarı Karşılıklı Gol :: İY KG Yok,84.0,1.0,0.84,0.0,0.0,1.0,1.0,1.0
2356498,2025-10-13,08:00:00,AC Nagano Parceiro,Kamatamare Sanuki,İlk Yarı Karşılıklı Gol :: İY KG Yok,77.0,1.0,0.77,0.0,0.0,1.0,1.0,1.0
2399680,2025-10-13,13:00:00,Farense U23,Benfica U23,İlk Yarı Karşılıklı Gol :: İY KG Yok,85.0,1.08,0.9180000000000001,0.0,0.0,1.0,1.0,1.0
2356432,2025-10-13,14:00:00,Santa Clara U23,Estoril U23,İlk Yarı Karşılıklı Gol :: İY KG Yok,84.0,1.08,0.9072,0.0,0.0,1.0,1.0,1.0
2347011,2025-10-13,15:00:00,Güney Sudan,Togo,Her İki Yarıda da 1.5 Gol Üst Olur mu? :: Hayır,81.0,1.0,0.81,0.0,0.0,1.0,1.0,1.0
2346987,2025-10-13,16:00:00,Tunus,Namibya,Çifte Şans :: ÇŞ 1-X,92.0,1.0,0.92,0.0,0.0,1.0,1.0,1.0
2347187,2025-10-13,16:00:00,Ekvator Ginesi,Liberya,Çifte Şans :: ÇŞ 1-X,86.0,1.0,0.86,0.0,0.0,1.0,1.0,1.0
2346887,2025-10-13,19:00:00,Lesotho,Zimbabve,Her İki Yarıda da 1.5 Gol Üst Olur mu? :: Hayır,79.0,1.0,0.79,0.0,0.0,1.0,1.0,1.0
2346986,2025-10-13,19:00:00,Yeşil Burun Ad.,Esvatini,Çifte Şans :: ÇŞ 1-X,91.0,1.0,0.91,0.0,0.0,1.0,1.0,1.0
2347124,2025-10-13,19:00:00,Kamerun,Angola,Çifte Şans :: ÇŞ 1-X,93.0,1.0,0.93,0.0,0.0,1.0,1.0,1.0
2347130,2025-10-13,19:00:00,Mauritius,Libya,Her İki Yarıda da 1.5 Gol Üst Olur mu? :: Hayır,88.0,1.0,0.88,0.0,0.0,1.0,1.0,1.0
2405954,2025-10-13,21:00:00,Cajamarca,Cienciano,İlk Yarı Karşılıklı Gol :: İY KG Yok,83.0,1.06,0.8798,0.0,0.0,1.0,1.0,1.0
2353191,2025-10-13,21:30:00,Dolomiti Bellunesi,Lumezzane,Her İki Yarıda da 1.5 Gol Üst Olur mu? :: Hayır,92.0,1.0,0.92,0.0,0.0,1.0,1.0,1.0
2353499,2025-10-13,21:30:00,Trento,Pro Vercelli,Her İki Yarıda da 1.5 Gol Üst Olur mu? :: Hayır,86.0,1.0,0.86,0.0,0.0,1.0,1.0,1.0
2353837,2025-10-13,21:30:00,Córdoba CF,Cul. Leonesa,Deplasman Gol Yemeden Kazanır mı? :: Hayır,95.0,1.0,0.95,0.0,0.0,1.0,1.0,1.0
2430249,2025-10-13,21:30:00,Worthing,Forest Green,Çifte Şans :: ÇŞ X-2,87.0,1.0,0.87,0.0,0.0,1.0,1.0,1.0
2356411,2025-10-13,21:45:00,Slovakya,Lüksemburg,Deplasman Her İki Yarıyı da Kazanır mı? :: Hayır,97.0,1.0,0.97,0.0,0.0,1.0,1.0,1.0
2356421,2025-10-13,21:45:00,Barwell FC,Banbury Utd,Çifte Şans :: ÇŞ 1-2,74.0,1.06,0.7844,0.0,0.0,1.0,1.0,1.0
2356422,2025-10-13,21:45:00,Slovenya,İsviçre,"Toplam Gol Alt/Üst :: 0,5 Üst",92.0,1.0,0.92,0.0,0.0,1.0,1.0,1.0
2356434,2025-10-13,21:45:00,Ukrayna,Azerbaycan,"Toplam Gol Alt/Üst :: 0,5 Üst",96.0,1.0,0.96,0.0,0.0,1.0,1.0,1.0
2356442,2025-10-13,21:45:00,Kuzey İrlanda,Almanya,Ev Sahibi Gol Yemeden Kazanır mı? :: Hayır,95.0,1.0,0.95,0.0,0.0,1.0,1.0,1.0
2356484,2025-10-13,21:45:00,Galler,Belçika,"Toplam Gol Alt/Üst :: 0,5 Üst",93.0,1.0,0.93,0.0,0.0,1.0,1.0,1.0
2356491,2025-10-13,21:45:00,İsveç,Kosova,Deplasman Gol Yemeden Kazanır mı? :: Hayır,98.0,1.0,0.98,0.0,0.0,1.0,1.0,1.0
2356503,2025-10-13,21:45:00,K. Makedonya,Kazakistan,Deplasman Gol Yemeden Kazanır mı? :: Hayır,97.0,1.0,0.97,0.0,0.0,1.0,1.0,1.0
2356504,2025-10-13,21:45:00,İzlanda,Fransa,"Ev Sahibi Gol Alt/Üst :: Ev 2,5 Alt",98.0,1.0,0.98,0.0,0.0,1.0,1.0,1.0
2413991,2025-10-13,21:45:00,Cork City FC,Shelbourne FC,"Toplam Gol Alt/Üst :: 0,5 Üst",93.0,1.0,0.93,0.0,0.0,1.0,1.0,1.0
2420720,2025-10-13,21:45:00,Finn Harps,Kerry FC,Her İki Yarıda da 1.5 Gol Üst Olur mu? :: Hayır,93.0,1.0,0.93,0.0,0.0,1.0,1.0,1.0
2372362,2025-10-13,22:00:00,Univ. Chile,Palestino,Çifte Şans :: ÇŞ 1-X,83.0,1.0,0.83,0.0,0.0,1.0,1.0,1.0
2405963,2025-10-13,23:15:00,Juan Pablo II,Dep. Garcilaso,İlk Yarı Karşılıklı Gol :: İY KG Yok,87.0,1.0,0.87,0.0,0.0,1.0,1.0,1.0
2352683,2025-10-14,00:30:00,Platense,Deportivo,Deplasman Her İki Yarıyı da Kazanır mı? :: Hayır,95.0,1.0,0.95,0.0,0.0,1.0,1.0,1.0
2356456,2025-10-14,01:00:00,Volta Redonda,Goianiense,Her İki Yarıda da 1.5 Gol Üst Olur mu? :: Hayır,92.0,1.0,0.92,0.0,0.0,1.0,1.0,1.0
2350795,2025-10-14,01:15:00,Once Caldas,Ind.Medellin,İlk Yarı Karşılıklı Gol :: İY KG Yok,86.0,1.0,0.86,0.0,0.0,1.0,1.0,1.0
2357922,2025-10-14,03:00:00,Honduras,Haiti,"İlk Yarı Gol Alt/Üst :: İY 2,5 Alt",95.0,1.0,0.95,0.0,0.0,1.0,1.0,1.0
2367695,2025-10-14,03:30:00,CRB,Ferroviaria,Her İki Yarıda da 1.5 Gol Üst Olur mu? :: Hayır,85.0,1.0,0.85,0.0,0.0,1.0,1.0,1.0
2357886,2025-10-14,05:00:00,Kosta Rika,Nikaragua,Çifte Şans :: ÇŞ 1-X,91.0,1.0,0.91,0.0,0.0,1.0,1.0,1.0
