match_date,match_time,tournament,match_id,homeTeam,awayTeam,firstHalfHomeGoal,firstHalfAwayGoal,totalHomeGoal,totalAwayGoal,homeCorner,awayCorner,1.Gol Hangi Dakika Aralığında Olur :: 1-10 dk.,1.Gol Hangi Dakika Aralığında Olur :: 11-20 dk.,1.Gol Hangi Dakika Aralığında Olur :: 21-30 dk.,1.Gol Hangi Dakika Aralığında Olur :: 31-40 dk.,1.Gol Hangi Dakika Aralığında Olur :: 41-50 dk.,1.Gol Hangi Dakika Aralığında Olur :: 51-60 dk.,1.Gol Hangi Dakika Aralığında Olur :: 61-70 dk.,1.Gol Hangi Dakika Aralığında Olur :: 71-80 dk.,1.Gol Hangi Dakika Aralığında Olur :: 81-90 dk.,1.Gol Hangi Dakika Aralığında Olur :: Olmaz,1.Golü Hangi Takım Atar? :: 1.Gol Dep,1.Golü Hangi Takım Atar? :: 1.Gol Ev,1.Golü Hangi Takım Atar? :: Olmaz,2.Golü Hangi Takım Atar? :: 2.Gol Dep,2.Golü Hangi Takım Atar? :: 2.Gol Ev,2.Golü Hangi Takım Atar? :: Olmaz,3.Golü Hangi Takım Atar? :: 3.Gol Dep,3.Golü Hangi Takım Atar? :: 3.Gol Ev,3.Golü Hangi Takım Atar? :: Olmaz,4.Golü Hangi Takım Atar? :: 4.Gol Dep,4.Golü Hangi Takım Atar? :: 4.Gol Ev,4.Golü Hangi Takım Atar? :: Olmaz,5.Golü Hangi Takım Atar? :: 5.Gol Dep,5.Golü Hangi Takım Atar? :: 5.Gol Ev,5.Golü Hangi Takım Atar? :: Olmaz,9.Golü Hangi Takım Atar? :: 9.Gol Dep,9.Golü Hangi Takım Atar? :: 9.Gol Ev,9.Golü Hangi Takım Atar? :: Olmaz,"Deplasman Gol Alt/Üst :: Dep 0,5 Alt","Deplasman Gol Alt/Üst :: Dep 0,5 Üst","Deplasman Gol Alt/Üst :: Dep 1,5 Alt","Deplasman Gol Alt/Üst :: Dep 1,5 Üst","Deplasman Gol Alt/Üst :: Dep 2,5 Alt","Deplasman Gol Alt/Üst :: Dep 2,5 Üst","Deplasman Gol Alt/Üst :: Dep 3,5 Alt","Deplasman Gol Alt/Üst :: Dep 3,5 Üst","Deplasman Gol Alt/Üst :: Dep 4,5 Alt","Deplasman Gol Alt/Üst :: Dep 4,5 Üst","Deplasman Gol Alt/Üst :: Dep 5,5 Alt","Deplasman Gol Alt/Üst :: Dep 5,5 Üst",Deplasman Gol Yemeden Kazanır mı? :: Evet,Deplasman Gol Yemeden Kazanır mı? :: Hayır,Deplasman Hangi Yarıda Daha Fazla Gol Atar? :: 1. Yarı,Deplasman Hangi Yarıda Daha Fazla Gol Atar? :: 2. Yarı,Deplasman Hangi Yarıda Daha Fazla Gol Atar? :: Eşit,Deplasman Her İki Yarıyı da Kazanır mı? :: Evet,Deplasman Her İki Yarıyı da Kazanır mı? :: Hayır,Deplasman Herhangi Bir Yarıyı Kazanır :: Evet,Deplasman Herhangi Bir Yarıyı Kazanır :: Hayır,"Deplasman İlk Yarı Gol Alt/Üst :: Dep İY 0,5 Alt","Deplasman İlk Yarı Gol Alt/Üst :: Dep İY 0,5 Üst","Deplasman İlk Yarı Gol Alt/Üst :: Dep İY 1,5 Alt","Deplasman İlk Yarı Gol Alt/Üst :: Dep İY 1,5 Üst","Ev Sahibi Gol Alt/Üst :: Ev 0,5 Alt","Ev Sahibi Gol Alt/Üst :: Ev 0,5 Üst","Ev Sahibi Gol Alt/Üst :: Ev 1,5 Alt","Ev Sahibi Gol Alt/Üst :: Ev 1,5 Üst","Ev Sahibi Gol Alt/Üst :: Ev 2,5 Alt","Ev Sahibi Gol Alt/Üst :: Ev 2,5 Üst","Ev Sahibi Gol Alt/Üst :: Ev 3,5 Alt","Ev Sahibi Gol Alt/Üst :: Ev 3,5 Üst","Ev Sahibi Gol Alt/Üst :: Ev 4,5 Alt","Ev Sahibi Gol Alt/Üst :: Ev 4,5 Üst","Ev Sahibi Gol Alt/Üst :: Ev 5,5 Alt","Ev Sahibi Gol Alt/Üst :: Ev 5,5 Üst",Ev Sahibi Gol Yemeden Kazanır mı? :: Evet,Ev Sahibi Gol Yemeden Kazanır mı? :: Hayır,Ev Sahibi Hangi Yarıda Daha Fazla Gol Atar? :: 1. Yarı,Ev Sahibi Hangi Yarıda Daha Fazla Gol Atar? :: 2. Yarı,Ev Sahibi Hangi Yarıda Daha Fazla Gol Atar? :: Eşit,Ev Sahibi Her İki Yarıyı da Kazanır mı? :: Evet,Ev Sahibi Her İki Yarıyı da Kazanır mı? :: Hayır,Ev Sahibi Herhangi Bir Yarıyı Kazanır :: Evet,Ev Sahibi Herhangi Bir Yarıyı Kazanır :: Hayır,"Ev Sahibi İlk Yarı Gol Alt/Üst :: Ev İY 0,5 Alt","Ev Sahibi İlk Yarı Gol Alt/Üst :: Ev İY 0,5 Üst","Ev Sahibi İlk Yarı Gol Alt/Üst :: Ev İY 1,5 Alt","Ev Sahibi İlk Yarı Gol Alt/Üst :: Ev İY 1,5 Üst",Handikaplı Maç Sonucu :: HMS 1,Handikaplı Maç Sonucu :: HMS 2,Handikaplı Maç Sonucu :: HMS X,Hangi Takım Kaç Farkla Kazanır :: Berabere,Hangi Takım Kaç Farkla Kazanır :: Dep 1 Fark,Hangi Takım Kaç Farkla Kazanır :: Dep 2 Fark,Hangi Takım Kaç Farkla Kazanır :: Dep 3+ Fark,Hangi Takım Kaç Farkla Kazanır :: Ev 1 Fark,Hangi Takım Kaç Farkla Kazanır :: Ev 2 Fark,Hangi Takım Kaç Farkla Kazanır :: Ev 3+ Fark,Hangi Yarıda Daha Fazla Gol Atılır? :: 1. Yarı,Hangi Yarıda Daha Fazla Gol Atılır? :: 2. Yarı,Hangi Yarıda Daha Fazla Gol Atılır? :: Eşit,Her İki Yarıda da 1.5 Gol Alt Olur mu? :: Evet,Her İki Yarıda da 1.5 Gol Alt Olur mu? :: Hayır,Her İki Yarıda da 1.5 Gol Üst Olur mu? :: Evet,Her İki Yarıda da 1.5 Gol Üst Olur mu? :: Hayır,Karşılıklı Gol :: KG Var,Karşılıklı Gol :: KG Yok,"Karşılıklı Gol ve 2,5 Gol Alt/Üst :: 2,5 Alt ve KG Var","Karşılıklı Gol ve 2,5 Gol Alt/Üst :: 2,5 Alt ve KG Yok","Karşılıklı Gol ve 2,5 Gol Alt/Üst :: 2,5 Üst ve KG Var","Karşılıklı Gol ve 2,5 Gol Alt/Üst :: 2,5 Üst ve KG Yok",Maç Skoru :: 0-0,Maç Skoru :: 0-1,Maç Skoru :: 0-2,Maç Skoru :: 0-3,Maç Skoru :: 0-4,Maç Skoru :: 0-5,Maç Skoru :: 0-6,Maç Skoru :: 1-0,Maç Skoru :: 1-1,Maç Skoru :: 1-2,Maç Skoru :: 1-3,Maç Skoru :: 1-4,Maç Skoru :: 1-5,Maç Skoru :: 2-0,Maç Skoru :: 2-1,Maç Skoru :: 2-2,Maç Skoru :: 2-3,Maç Skoru :: 2-4,Maç Skoru :: 3-0,Maç Skoru :: 3-1,Maç Skoru :: 3-2,Maç Skoru :: 3-3,Maç Skoru :: 4-0,Maç Skoru :: 4-1,Maç Skoru :: 4-2,Maç Skoru :: 5-0,Maç Skoru :: 5-1,Maç Skoru :: 6-0,Maç Skoru :: diğer,Maç Sonucu :: MS 1,Maç Sonucu :: MS 2,Maç Sonucu :: MS X,"Maç Sonucu ve 1,5 Gol Alt/Üst :: MS 1 ve 1,5 Alt","Maç Sonucu ve 1,5 Gol Alt/Üst :: MS 1 ve 1,5 Üst","Maç Sonucu ve 1,5 Gol Alt/Üst :: MS 2 ve 1,5 Alt","Maç Sonucu ve 1,5 Gol Alt/Üst :: MS 2 ve 1,5 Üst","Maç Sonucu ve 1,5 Gol Alt/Üst :: MS X ve 1,5 Alt","Maç Sonucu ve 1,5 Gol Alt/Üst :: MS X ve 1,5 Üst","Maç Sonucu ve 2,5 Gol Alt/Üst :: MS 1 ve 2,5 Alt","Maç Sonucu ve 2,5 Gol Alt/Üst :: MS 1 ve 2,5 Üst","Maç Sonucu ve 2,5 Gol Alt/Üst :: MS 2 ve 2,5 Alt","Maç Sonucu ve 2,5 Gol Alt/Üst :: MS 2 ve 2,5 Üst","Maç Sonucu ve 2,5 Gol Alt/Üst :: MS X ve 2,5 Alt","Maç Sonucu ve 2,5 Gol Alt/Üst :: MS X ve 2,5 Üst","Maç Sonucu ve 3,5 Gol Alt/Üst :: MS 1 ve 3,5 Alt","Maç Sonucu ve 3,5 Gol Alt/Üst :: MS 1 ve 3,5 Üst","Maç Sonucu ve 3,5 Gol Alt/Üst :: MS 2 ve 3,5 Alt","Maç Sonucu ve 3,5 Gol Alt/Üst :: MS 2 ve 3,5 Üst","Maç Sonucu ve 3,5 Gol Alt/Üst :: MS X ve 3,5 Alt","Maç Sonucu ve 3,5 Gol Alt/Üst :: MS X ve 3,5 Üst","Maç Sonucu ve 4,5 Gol Alt/Üst :: MS 1 ve 4,5 Alt","Maç Sonucu ve 4,5 Gol Alt/Üst :: MS 1 ve 4,5 Üst","Maç Sonucu ve 4,5 Gol Alt/Üst :: MS 2 ve 4,5 Alt","Maç Sonucu ve 4,5 Gol Alt/Üst :: MS 2 ve 4,5 Üst","Maç Sonucu ve 4,5 Gol Alt/Üst :: MS X ve 4,5 Alt","Maç Sonucu ve 4,5 Gol Alt/Üst :: MS X ve 4,5 Üst",Maç Sonucu ve Karşılıklı Gol :: MS 1 ve Var,Maç Sonucu ve Karşılıklı Gol :: MS 1 ve Yok,Maç Sonucu ve Karşılıklı Gol :: MS 2 ve Var,Maç Sonucu ve Karşılıklı Gol :: MS 2 ve Yok,Maç Sonucu ve Karşılıklı Gol :: MS X ve Var,Maç Sonucu ve Karşılıklı Gol :: MS X ve Yok,"Toplam Gol Alt/Üst :: 0,5 Alt","Toplam Gol Alt/Üst :: 0,5 Üst","Toplam Gol Alt/Üst :: 1,5 Alt","Toplam Gol Alt/Üst :: 1,5 Üst","Toplam Gol Alt/Üst :: 10,5 Alt","Toplam Gol Alt/Üst :: 10,5 Üst","Toplam Gol Alt/Üst :: 2,5 Alt","Toplam Gol Alt/Üst :: 2,5 Üst","Toplam Gol Alt/Üst :: 3,5 Alt","Toplam Gol Alt/Üst :: 3,5 Üst","Toplam Gol Alt/Üst :: 4,5 Alt","Toplam Gol Alt/Üst :: 4,5 Üst","Toplam Gol Alt/Üst :: 5,5 Alt","Toplam Gol Alt/Üst :: 5,5 Üst","Toplam Gol Alt/Üst :: 8,5 Alt","Toplam Gol Alt/Üst :: 8,5 Üst","Toplam Gol Alt/Üst :: 9,5 Alt","Toplam Gol Alt/Üst :: 9,5 Üst",Toplam Gol Aralığı :: 0-1 Gol,Toplam Gol Aralığı :: 2-3 Gol,Toplam Gol Aralığı :: 4-5 Gol,Toplam Gol Aralığı :: 6+ Gol,Toplam Gol Tek/Çift :: Tek,Toplam Gol Tek/Çift :: Çift,Çifte Şans :: ÇŞ 1-2,Çifte Şans :: ÇŞ 1-X,Çifte Şans :: ÇŞ X-2,İkinci Yarı Karşılıklı Gol :: 2.Y KG Var,İkinci Yarı Karşılıklı Gol :: 2.Y KG Yok,İkinci Yarı Sonucu :: 2.Y 1,İkinci Yarı Sonucu :: 2.Y 2,İkinci Yarı Sonucu :: 2.Y X,İlk Yarı / Maç Sonucu :: 1/1,İlk Yarı / Maç Sonucu :: 1/2,İlk Yarı / Maç Sonucu :: 1/X,İlk Yarı / Maç Sonucu :: 2/1,İlk Yarı / Maç Sonucu :: 2/2,İlk Yarı / Maç Sonucu :: 2/X,İlk Yarı / Maç Sonucu :: X/1,İlk Yarı / Maç Sonucu :: X/2,İlk Yarı / Maç Sonucu :: X/X,İlk Yarı / Maç Sonucu Skorları :: 0-0 0-0,İlk Yarı / Maç Sonucu Skorları :: 0-0 0-1,İlk Yarı / Maç Sonucu Skorları :: 0-0 0-2,İlk Yarı / Maç Sonucu Skorları :: 0-0 0-3,İlk Yarı / Maç Sonucu Skorları :: 0-0 1-0,İlk Yarı / Maç Sonucu Skorları :: 0-0 1-1,İlk Yarı / Maç Sonucu Skorları :: 0-0 1-2,İlk Yarı / Maç Sonucu Skorları :: 0-0 2-0,İlk Yarı / Maç Sonucu Skorları :: 0-0 2-1,İlk Yarı / Maç Sonucu Skorları :: 0-0 3-0,İlk Yarı / Maç Sonucu Skorları :: 0-1 0-1,İlk Yarı / Maç Sonucu Skorları :: 0-1 0-2,İlk Yarı / Maç Sonucu Skorları :: 0-1 0-3,İlk Yarı / Maç Sonucu Skorları :: 0-1 1-1,İlk Yarı / Maç Sonucu Skorları :: 0-1 1-2,İlk Yarı / Maç Sonucu Skorları :: 0-1 2-1,İlk Yarı / Maç Sonucu Skorları :: 0-1 4+,İlk Yarı / Maç Sonucu Skorları :: 0-2 0-2,İlk Yarı / Maç Sonucu Skorları :: 0-2 0-3,İlk Yarı / Maç Sonucu Skorları :: 0-2 1-2,İlk Yarı / Maç Sonucu Skorları :: 0-2 4+,İlk Yarı / Maç Sonucu Skorları :: 0-3 0-3,İlk Yarı / Maç Sonucu Skorları :: 0-3 4+,İlk Yarı / Maç Sonucu Skorları :: 0:0 4+,İlk Yarı / Maç Sonucu Skorları :: 1-0 1-0,İlk Yarı / Maç Sonucu Skorları :: 1-0 1-1,İlk Yarı / Maç Sonucu Skorları :: 1-0 1-2,İlk Yarı / Maç Sonucu Skorları :: 1-0 2-0,İlk Yarı / Maç Sonucu Skorları :: 1-0 2-1,İlk Yarı / Maç Sonucu Skorları :: 1-0 3-0,İlk Yarı / Maç Sonucu Skorları :: 1-0 4+,İlk Yarı / Maç Sonucu Skorları :: 1-1 1-1,İlk Yarı / Maç Sonucu Skorları :: 1-1 1-2,İlk Yarı / Maç Sonucu Skorları :: 1-1 2-1,İlk Yarı / Maç Sonucu Skorları :: 1-1 4+,İlk Yarı / Maç Sonucu Skorları :: 1-2 1-2,İlk Yarı / Maç Sonucu Skorları :: 1-2 4+,İlk Yarı / Maç Sonucu Skorları :: 2-0 2-0,İlk Yarı / Maç Sonucu Skorları :: 2-0 2-1,İlk Yarı / Maç Sonucu Skorları :: 2-0 3-0,İlk Yarı / Maç Sonucu Skorları :: 2-0 4+,İlk Yarı / Maç Sonucu Skorları :: 2-1 2-1,İlk Yarı / Maç Sonucu Skorları :: 2-1 4+,İlk Yarı / Maç Sonucu Skorları :: 3-0 3-0,İlk Yarı / Maç Sonucu Skorları :: 3-0 4+,İlk Yarı / Maç Sonucu Skorları :: 4+ 4+,"İlk Yarı Gol Alt/Üst :: İY 0,5 Alt","İlk Yarı Gol Alt/Üst :: İY 0,5 Üst","İlk Yarı Gol Alt/Üst :: İY 1,5 Alt","İlk Yarı Gol Alt/Üst :: İY 1,5 Üst","İlk Yarı Gol Alt/Üst :: İY 2,5 Alt","İlk Yarı Gol Alt/Üst :: İY 2,5 Üst",İlk Yarı Gol Tek/Çift :: İY Tek,İlk Yarı Gol Tek/Çift :: İY Çift,İlk Yarı Karşılıklı Gol :: İY KG Var,İlk Yarı Karşılıklı Gol :: İY KG Yok,İlk Yarı Skoru :: 0-0,İlk Yarı Skoru :: 0-1,İlk Yarı Skoru :: 0-2,İlk Yarı Skoru :: 1-0,İlk Yarı Skoru :: 1-1,İlk Yarı Skoru :: 1-2,İlk Yarı Skoru :: 2-0,İlk Yarı Skoru :: 2-1,İlk Yarı Skoru :: 2-2,İlk Yarı Skoru :: diğer,İlk Yarı Sonucu :: İY 1,İlk Yarı Sonucu :: İY 2,İlk Yarı Sonucu :: İY X,"İlk Yarı Sonucu ve İY 1,5 Gol Alt/Üst :: İY 1 ve 1,5 Alt","İlk Yarı Sonucu ve İY 1,5 Gol Alt/Üst :: İY 1 ve 1,5 Üst","İlk Yarı Sonucu ve İY 1,5 Gol Alt/Üst :: İY 2 ve 1,5 Alt","İlk Yarı Sonucu ve İY 1,5 Gol Alt/Üst :: İY 2 ve 1,5 Üst","İlk Yarı Sonucu ve İY 1,5 Gol Alt/Üst :: İY X ve 1,5 Alt","İlk Yarı Sonucu ve İY 1,5 Gol Alt/Üst :: İY X ve 1,5 Üst",İlk Yarı Sonucu ve İY Karşılıklı Gol :: İY 1 ve Var,İlk Yarı Sonucu ve İY Karşılıklı Gol :: İY 1 ve Yok,İlk Yarı Sonucu ve İY Karşılıklı Gol :: İY 2 ve Var,İlk Yarı Sonucu ve İY Karşılıklı Gol :: İY 2 ve Yok,İlk Yarı Sonucu ve İY Karşılıklı Gol :: İY X ve Var,İlk Yarı Sonucu ve İY Karşılıklı Gol :: İY X ve Yok,İlk Yarı Çifte Şans :: İY 1-2,İlk Yarı Çifte Şans :: İY 1-X,İlk Yarı Çifte Şans :: İY X-2
2025-05-22,21:30:00,Almanya Bundesliga Play-Out,2166606,Heidenheim,Elversberg,,,,,,,,,,,,,,,,,,,,,,,,,,,,,,,,,,,2.89,1.2,1.33,2.33,1.0,5.72,,,,,,,3.76,1.0,3.34,2.46,2.1,9.81,1.0,1.8,1.6,1.47,1.99,,,3.68,1.1,1.54,1.87,1.06,4.06,,,,,,,2.98,1.0,3.09,2.3,2.36,6.44,1.0,1.47,1.99,1.65,1.73,,,5.81,1.0,3.98,2.53,3.7,7.21,14.05,3.09,4.98,7.4,2.87,1.89,3.27,2.36,1.32,4.8,1.0,1.5,1.93,6.0,2.22,1.8,8.84,9.72,8.67,13.6,32.0,100.0,130.0,130.0,7.18,5.35,8.93,20.95,66.0,130.0,9.28,7.41,10.8,27.5,85.0,17.95,14.25,22.45,49.5,46.5,37.0,58.0,130.0,120.0,130.0,27.0,1.99,2.75,3.19,8.14,2.33,9.86,3.31,11.05,3.82,4.71,2.93,6.14,4.16,4.0,10.05,2.72,5.4,3.55,8.27,3.99,9.99,2.25,9.11,3.02,13.7,3.04,35.0,3.67,3.55,4.9,5.02,3.85,11.2,9.77,1.0,3.45,1.12,,,1.77,1.62,1.23,2.7,1.0,5.17,,,,,,,3.44,1.8,3.34,12.3,1.73,1.65,1.07,1.12,1.28,2.93,1.19,2.32,2.97,2.41,3.13,31.0,13.2,25.0,4.58,13.65,5.13,6.57,4.95,9.68,14.95,39.5,88.0,12.3,17.6,53.0,26.5,44.0,88.0,21.1,31.0,79.0,21.1,35.0,44.0,19.35,70.0,88.0,88.0,31.0,88.0,88.0,35.0,16.7,20.25,53.0,19.35,26.5,44.0,16.7,26.5,39.5,35.0,13.2,88.0,26.5,53.0,70.0,53.0,20.25,79.0,22.0,88.0,53.0,17.6,2.75,1.22,1.31,2.38,1.0,5.86,1.87,1.55,3.82,1.08,2.69,4.99,17.5,4.1,7.22,25.5,11.75,20.85,66.0,15.5,2.57,3.34,2.03,3.95,5.6,4.8,8.03,2.6,6.31,14.65,2.77,18.65,3.59,6.26,2.6,1.38,1.12,1.22
2025-05-22,20:00:00,İsveç Superettan (2.Lig),2134325,Sundsvall,Brage,,,,,,,,,,,,,,,,,,,,,,,,,,,,,,,,,,,2.68,1.19,1.28,2.31,1.0,5.34,,,,,,,,,3.25,2.41,2.02,7.36,1.0,,,1.42,1.95,,,2.79,1.17,1.31,2.21,1.0,5.02,,,,,,,,,3.19,2.38,2.07,6.93,1.0,,,1.45,1.9,,,7.43,1.0,4.16,2.37,3.33,6.36,12.35,3.2,5.91,10.9,2.84,1.89,2.97,1.96,1.42,5.35,1.0,1.6,1.7,5.54,1.93,2.07,9.99,7.45,6.78,10.8,26.0,84.0,130.0,130.0,6.54,4.94,8.49,20.25,65.0,130.0,10.05,8.18,12.05,31.0,100.0,23.3,18.8,30.5,67.0,71.0,58.0,92.0,130.0,130.0,130.0,44.0,2.24,2.38,2.87,7.46,2.9,7.74,3.12,8.52,3.84,4.61,3.8,4.86,4.07,3.46,11.65,2.83,7.91,2.99,8.61,3.44,11.6,2.45,14.15,2.59,15.35,2.77,35.0,4.69,3.76,4.95,4.01,3.85,8.56,6.81,1.0,2.74,1.18,,,1.51,1.8,1.12,3.12,1.0,5.9,,,,,,,2.78,1.74,3.86,17.75,1.7,1.6,1.09,1.16,1.19,3.13,1.12,2.57,2.68,2.2,3.78,31.0,13.55,30.5,4.07,13.65,5.5,5.76,4.36,7.57,11.45,31.0,88.0,11.45,15.85,53.0,31.0,53.0,88.0,16.7,22.9,62.0,19.35,31.0,53.0,21.1,62.0,79.0,79.0,31.0,88.0,88.0,39.5,15.85,19.35,53.0,21.1,31.0,62.0,20.25,24.65,39.5,35.0,16.7,88.0,31.0,53.0,70.0,70.0,31.0,88.0,31.0,88.0,79.0,23.75,2.35,1.27,1.21,2.6,1.0,6.19,1.86,1.48,4.02,1.0,2.38,4.51,16.1,4.34,7.79,28.0,14.85,27.0,66.0,20.45,2.88,3.03,1.86,4.17,7.43,4.34,7.98,2.31,6.91,19.85,3.11,20.8,3.26,6.86,2.3,1.44,1.14,1.15
2025-05-22,20:00:00,Cezayir 1. Lig,2157777,Constantine,MC Oran,,,,,,,,,,,,,,,,,,,,,,,,,,,,,,,,,,,1.74,1.56,,,,,,,,,,,,,4.01,3.08,1.56,,,,,1.17,2.75,,,,,1.82,1.5,,,,,,,,,,,2.75,2.17,2.56,,,,,1.9,1.45,,,1.89,1.93,2.68,,,,,,,,2.68,1.94,3.06,2.07,1.36,4.91,1.0,1.81,1.5,7.15,1.93,2.27,5.38,,,,,,,,,,,,,,,,,,,,,,,,,,,,,,1.33,5.46,3.58,,,,,,,2.96,2.1,9.86,10.65,4.17,16.95,,,,,,,,,,,,,3.2,2.01,11.75,9.11,5.08,9.64,,,2.92,1.14,,,1.6,1.67,1.15,2.89,,,,,,,,,2.99,1.75,3.61,15.1,1.66,1.62,1.0,1.0,1.7,3.56,1.07,1.68,5.03,2.37,,,,,,,,,,,,,,,,,,,,,,,,,,,,,,,,,,,,,,,,,,,,,,,,,,,,,,,,,,1.25,2.4,,,1.8,1.51,4.4,1.0,,,,,,,,,,,1.8,5.76,2.06,2.96,3.79,7.28,20.4,2.53,8.02,14.05,1.92,35.0,6.06,7.88,2.51,1.33,1.0,1.46
2025-05-21,20:00:00,"Polonya 3. Lig, Grup 2",2134279,MKS Flota Swinoujsci,Blekitni Sta,,,,,,,,,,,,,,,,,,,,,,,,,,,,,2.38,2.86,2.02,,,,,,,,,,1.32,2.02,,,,,,,,,,,,,,,,,,,,1.28,2.2,,,,,,,,,,,,,,,,,,,,,,1.19,10.55,3.3,,,,,,,,,,,,,,,,,,,,,,,,,,,,,,,,,,,,,,,,,,,,,,,,,,17.6,1.0,8.8,,,,,,,,,,,,,,,,,,,,,,,,,,,,,,,,,,,,,,,,,1.94,1.36,,,,,,,,,,,1.85,1.41,,,,,,,,,,,,,,,,,,,,,,,,,,,,,,,,,,,,,,,,,,,,,,,,,,,,,,,,,,,,,,,,,,,,,,,,,,,,,,,,,,,,,,,,,,,,,,,,,,,,,
2025-05-23,05:00:00,Honduras Ulusal Ligi - Play-Off,2179400,Real CD Espana,Olimpia,,,,,,,,,,,,,,,,,,,,,,,,,,,,,,,,,,,,,,,,,,,,,,,,,,,,,,,,,,,,,,,,,,,,,,,,,,,,,,,,,,,,,,,,,,,,,,,,,,,,,,1.7,1.59,,,,,,,,,,,,,,,,,,,,,,,,,,,,,,,,,,2.43,2.29,2.73,,,,,,,,,,,,,,,,,,,,,,,,,,,,,,,,,,,,,1.41,1.97,,,,,,,,,,,,,,,,,,,,,,,,,,,,,,,,,,,,,,,,,,,,,,,,,,,,,,,,,,,,,,,,,,,,,,,,,,,,,,,,2.19,1.31,,,,,,,,,,,,,,,,,,,3.12,2.97,1.79,,,,,,,,,,,,,,,
2025-05-22,02:30:00,ABD Açık Kupası,2167379,Orlando C.,Nashville SC,,,,,,,,,,,,,,,,,,,,,,,,,,,,,,,,,,,2.47,1.23,1.22,2.53,1.0,6.06,,,,,,,,,3.35,2.49,1.94,9.02,1.0,,,1.36,2.07,,,3.54,1.07,1.52,1.79,1.06,3.65,,,,,,,,,2.94,2.24,2.32,5.23,1.0,,,1.64,1.65,,,5.37,1.0,3.85,2.43,4.02,8.57,18.95,2.98,4.62,6.53,2.79,1.89,3.04,2.16,1.33,4.66,1.0,1.52,1.8,5.7,2.13,1.92,8.62,8.61,8.98,15.6,40.5,130.0,130.0,130.0,6.57,5.08,9.99,26.0,92.0,130.0,8.28,7.3,11.05,33.0,115.0,15.6,13.7,23.75,55.0,39.0,34.5,60.0,125.0,110.0,130.0,31.0,1.82,3.06,2.94,7.44,2.21,10.25,3.95,9.77,3.75,4.26,2.81,6.62,5.03,3.7,10.4,2.51,5.22,3.92,10.65,3.7,10.35,2.09,9.02,3.39,17.85,2.88,35.0,3.63,3.17,5.85,5.6,3.78,9.86,7.44,1.0,3.08,1.12,,,1.65,1.65,1.18,2.72,1.0,5.04,,,,,,,3.18,1.76,3.43,13.4,1.72,1.58,1.08,1.07,1.32,2.92,1.14,2.16,3.18,2.28,2.88,35.0,12.75,25.5,5.39,13.55,4.93,7.37,4.64,8.8,14.95,44.0,88.0,11.45,16.7,62.0,25.5,44.0,88.0,22.0,35.0,88.0,20.25,39.5,44.0,22.0,88.0,88.0,88.0,35.0,88.0,88.0,35.0,14.95,19.35,62.0,17.6,26.5,39.5,16.7,24.65,44.0,35.0,14.95,88.0,31.0,44.0,62.0,44.0,19.35,79.0,22.9,88.0,44.0,19.35,2.55,1.21,1.26,2.37,1.0,5.49,1.82,1.5,3.74,1.06,2.61,5.33,20.75,3.85,7.51,29.5,10.7,21.05,66.0,16.1,2.34,3.59,1.96,3.7,5.26,5.12,9.59,2.53,6.59,14.7,2.58,22.0,3.93,6.53,2.52,1.39,1.08,1.25
2025-05-22,02:30:00,ABD Açık Kupası,2167380,Minnesota Utd.,St. Louis,,,,,,,,,,,,,,,,,,,,,,,,,,,,,,,,,,,2.54,1.21,1.24,2.44,1.0,5.79,,,,,,,,,3.32,2.46,1.97,9.15,1.0,,,1.38,2.02,,,3.99,1.0,1.66,1.63,1.11,3.16,,,,,,,,,2.87,2.18,2.45,4.73,1.0,,,1.74,1.56,,,4.73,1.06,3.76,2.6,4.22,8.98,19.5,2.97,4.32,5.48,2.75,1.86,3.19,2.37,1.26,4.14,1.0,1.46,1.88,6.2,2.31,1.78,7.84,10.4,10.25,17.4,44.0,130.0,130.0,130.0,7.08,5.54,10.2,26.0,88.0,130.0,8.2,7.04,10.8,30.0,100.0,14.1,12.15,20.55,47.5,32.5,27.5,47.5,92.0,81.0,130.0,23.3,1.7,3.2,3.17,7.96,2.0,11.6,4.0,11.8,3.87,4.4,2.48,7.46,4.97,4.17,9.86,2.5,4.33,4.26,10.1,4.17,9.86,2.03,7.21,3.64,16.25,3.13,35.0,3.21,3.12,5.71,6.27,3.91,11.9,8.26,1.0,3.43,1.08,,,1.79,1.52,1.24,2.43,1.0,4.37,,,,,,,3.59,1.8,3.12,10.65,1.69,1.6,1.06,1.06,1.38,2.74,1.18,2.03,3.27,2.39,2.64,35.0,13.1,23.3,5.63,14.05,4.77,7.8,5.15,10.55,17.6,53.0,88.0,12.3,18.5,62.0,24.65,44.0,79.0,25.5,35.0,88.0,22.0,39.5,44.0,20.25,88.0,88.0,88.0,35.0,88.0,88.0,31.0,15.85,21.1,62.0,16.7,25.5,35.0,14.95,26.5,44.0,31.0,13.2,88.0,26.5,44.0,62.0,44.0,16.7,79.0,19.35,88.0,39.5,15.85,2.74,1.18,1.31,2.2,1.0,4.97,1.8,1.52,3.49,1.07,2.82,5.61,21.35,3.8,7.24,27.5,9.68,18.6,66.0,13.55,2.2,3.68,2.04,3.66,4.62,5.38,9.42,2.73,6.29,12.65,2.46,20.45,4.1,6.24,2.71,1.35,1.07,1.29
2025-05-22,18:00:00,Yunanistan Süper Ligi Düşme Grubu,2134251,Levadeiakos,Volos,,,,,,,,,,,,,,,,,,,,,,,,,,,,,,,,,,,2.32,1.28,,,,,,,,,,,,,,,,,,,,1.33,2.15,,,,,1.88,1.46,,,,,,,,,,,,,,,,,,1.92,1.44,,,2.1,1.66,2.9,,,,,,,,,,,,,,,1.47,1.87,,,,,,,,,,,,,,,,,,,,,,,,,,,,,,,,,,1.48,3.93,3.48,,,,,,,,,,,,,,,,,,,,,,,,,,,,,,,,,,,,,1.89,1.45,,,,,,,,,,,,,,,1.67,1.62,1.0,1.0,1.53,2.74,1.18,1.81,3.81,2.49,,,,,,,,,,,,,,,,,,,,,,,,,,,,,,,,,,,,,,,,,,,,,,,,,,,,,,,,,,1.36,2.09,,,1.77,1.54,3.46,1.08,,,,,,,,,,,1.94,4.28,2.14,,,,,,,,,,,,,1.31,1.0,1.39
2025-05-21,22:00:00,UEFA Avrupa Ligi,2134257,Tottenham,Man. United,,,,,,,,,,,,,,,,,,,,,,,,,,,,,,,,,,,3.46,1.12,1.48,1.98,1.05,4.42,,,,,,,2.82,1.06,3.11,2.35,2.3,6.49,1.0,1.47,1.99,1.61,1.79,,,2.6,1.25,1.25,2.61,1.0,6.81,,,,,,,3.76,1.0,3.45,2.55,2.0,10.85,1.0,1.88,1.53,1.4,2.13,,,4.88,1.08,3.39,2.37,3.03,4.95,7.64,3.79,7.9,17.05,2.9,1.94,3.09,2.14,1.4,5.52,1.0,1.59,1.8,5.54,2.03,1.99,9.24,7.93,6.41,8.63,17.35,46.5,130.0,130.0,8.12,4.95,7.53,15.15,41.0,130.0,13.95,9.55,11.35,26.0,70.0,36.0,24.65,33.5,59.0,125.0,84.0,115.0,130.0,130.0,130.0,37.0,2.95,1.98,2.96,9.28,3.73,7.29,2.4,9.02,3.74,5.97,4.81,4.28,3.1,3.54,10.8,3.6,10.3,2.57,6.0,3.52,10.8,3.12,17.75,2.17,10.6,2.79,35.0,5.67,5.03,3.96,3.29,3.77,9.11,8.4,1.0,3.07,1.17,,,1.62,1.77,1.17,3.06,1.0,6.13,,,,,,,3.04,1.77,3.7,15.7,1.77,1.63,1.09,1.28,1.09,3.19,1.15,3.14,2.34,2.3,5.0,27.0,13.45,35.0,3.12,12.9,6.85,5.06,4.44,8.1,11.45,26.5,88.0,14.1,15.85,44.0,39.5,62.0,88.0,14.95,17.6,44.0,18.5,26.5,53.0,17.6,44.0,53.0,62.0,22.0,88.0,53.0,39.5,20.25,19.35,44.0,31.0,35.0,88.0,22.0,24.65,35.0,44.0,15.85,88.0,24.65,79.0,88.0,88.0,35.0,88.0,31.0,88.0,88.0,21.1,2.56,1.27,1.26,2.58,1.0,6.59,1.9,1.53,4.19,1.06,2.5,3.95,11.8,5.07,7.64,22.9,19.55,29.5,66.0,17.95,3.56,2.57,1.95,4.87,9.28,3.81,5.88,2.42,6.74,22.0,3.74,16.35,2.72,6.69,2.41,1.41,1.21,1.09
2025-05-21,22:00:00,Fas Kupası,2175460,FAR Rabat,CR Khemis Zemamra,,,,,,,,,,,,,,,,,,,,,,,,,,,,,,,,,,,1.58,1.72,,,,,,,,,,,,,,,,,,,,,,,,,,1.79,1.52,,,,,,,,,,,,,,,,,,,,,,1.84,2.03,2.6,,,,,,,,,,,,,,,2.02,1.39,7.37,1.77,2.6,5.05,,,,,,,,,,,,,,,,,,,,,,,,,,,,,,1.28,6.31,3.58,,,,,,,2.64,2.16,10.35,13.95,3.99,21.4,,,,,,,,,,,,,3.49,1.81,15.2,9.72,5.5,8.37,,,2.67,1.19,,,1.5,1.82,1.11,3.22,,,,,,,,,2.7,1.73,3.98,18.9,1.67,1.62,1.0,1.0,1.76,,,,,,,,,,,,,,,,,,,,,,,,,,,,,,,,,,,,,,,,,,,,,,,,,,,,,,,,,,,,,,,,,,,,,,,,,,,,,,,,,,,,,,,,,,,,,,,,,,
2025-05-21,21:00:00,İtalya Serie C - Yükselme Turu,2175452,Cerignola,Atalanta U23,,,,,,,,,,,,,,,,,,,,2.29,1.54,6.6,,,,,,,,,,,,,,,1.85,1.45,,,,,,,,,,,,,,,,,,,,1.06,3.52,,,1.28,2.11,,,,,,,,,,,,,,,,,,1.23,2.38,,,1.1,8.8,4.4,,,,,,,,2.02,2.64,2.86,,,,,1.14,2.86,,,,,,,,,,,,,,,,,,,,,,,,,,,,,,,,,,3.74,1.58,2.86,,,,,,,,,,,,,,,,,,,,,,,,,,,,,,,,,,,,,2.02,1.32,,,,,,,,,,,,,,,1.63,1.58,1.1,1.63,1.0,2.86,1.14,2.02,3.3,2.29,,,,,,,,,,,,,,,,,,,,,,,,,,,,,,,,,,,,,,,,,,,,,,,,,,,,,,,,,,1.5,1.76,,,,,2.38,1.23,,,,,,,,,,,15.85,1.14,3.52,,,,,,,,,,,,,,,
2025-05-22,01:00:00,ABD USL Lig 2 (4.Lig),2134345,FC Boston,Vermont Green FC,,,,,,,,,,,,,,,,,,,,,,,,,,,,,,,,,,,,,1.87,1.47,,,,,,,,,,,,,,,,,,1.92,1.43,,,2.09,1.36,,,,,,,,,,,,,,,,,,,,1.27,2.33,,,1.75,2.02,2.82,,,,,,,,,,,,,,,1.57,1.72,,,,,,,,,,,,,,,,,,,,,,,,,,,,,,,,,,4.44,1.43,3.48,,,,,,,,,,,,,,,,,,,,,,,,,,,,,,,,,,,,,1.78,1.53,,,,,,,,,,,,,,,1.68,1.61,1.0,1.58,1.0,2.97,1.14,4.19,1.76,2.45,,,,,,,,,,,,,,,,,,,,,,,,,,,,,,,,,,,,,,,,,,,,,,,,,,,,,,,,,,1.32,2.19,,,1.78,1.53,3.74,1.06,,,,,,,,,,,4.74,1.87,2.12,,,,,,,,,,,,,1.32,1.43,1.0
2025-05-22,20:00:00,İsveç Allsvenskan,2134316,Hammarby,Mjallby,,,,,,,,,,,,,,,,,,,,,,,,,,,,,,,,,,,2.22,1.37,1.15,3.19,1.0,8.98,,,,,,,,,3.71,2.75,1.82,14.1,1.0,,,1.31,2.4,,,4.22,1.06,1.69,1.7,1.13,3.41,,,,,,,,,2.97,2.25,2.49,4.72,1.0,,,1.79,1.61,,,4.44,1.09,3.55,2.66,4.58,11.2,30.0,2.76,3.94,4.97,2.84,1.94,3.19,2.2,1.37,5.3,1.0,1.66,1.72,6.29,2.03,2.02,7.25,8.73,9.72,19.65,60.0,130.0,130.0,130.0,5.73,5.58,11.75,35.5,130.0,130.0,6.74,6.89,13.15,42.0,130.0,11.8,12.05,24.2,70.0,27.5,28.0,57.0,81.0,83.0,130.0,33.5,1.6,3.89,3.34,6.44,1.89,11.05,5.08,9.9,4.24,3.59,2.45,7.52,6.54,3.94,12.6,2.16,4.47,4.57,15.0,3.92,12.55,1.79,7.96,4.02,25.0,3.12,35.0,3.34,2.58,7.42,6.64,4.28,9.99,9.02,1.0,3.17,1.15,,,1.67,1.72,1.19,2.96,1.0,5.78,,,,,,,3.27,1.83,3.76,15.5,1.72,1.66,1.06,1.0,1.46,3.32,1.14,1.97,3.89,2.39,2.42,35.0,14.45,24.2,6.86,15.75,4.31,8.56,4.95,8.8,16.7,53.0,88.0,9.68,18.5,70.0,20.25,44.0,62.0,24.65,44.0,88.0,22.9,44.0,44.0,24.65,88.0,88.0,88.0,53.0,88.0,88.0,39.5,13.2,21.1,70.0,14.1,25.5,31.0,15.85,26.5,53.0,31.0,15.85,88.0,39.5,35.0,62.0,35.0,16.7,70.0,22.9,88.0,39.5,20.25,2.65,1.24,1.28,2.51,1.0,6.34,1.87,1.54,4.28,1.06,2.59,6.07,27.5,3.49,7.95,36.5,9.02,20.7,66.0,15.35,2.16,4.45,2.03,3.37,4.59,5.82,12.7,2.51,7.02,14.2,2.28,28.0,4.64,6.94,2.48,1.37,1.0,1.33
2025-05-22,03:30:00,Brezilya Kupası,2134175,A.Mineiro,Maringa FC,,,,,,,,,,,,,,,,,,,,,,,,,,,,,,,,,,,1.5,1.83,,,,,,,,,,,,,,,,,,,,1.1,3.28,,,,,,,1.39,2.01,,,,,,,,,,,,,,,,2.31,1.28,,,2.31,1.54,2.95,,,,,,,,,,,,,,,2.02,1.39,,,,,,,,,,,,,,,,,,,,,,,,,,,,,,,,,,1.11,9.37,4.8,,,,,,,,,,,,,,,,,,,,,,,,,,,,,,,,,,,,,1.82,1.5,,,,,,,,,,,,,,,1.65,1.65,1.0,1.0,2.12,3.84,1.05,1.41,7.59,2.69,,,,,,,,,,,,,,,,,,,,,,,,,,,,,,,,,,,,,,,,,,,,,,,,,,,,,,,,,,1.35,2.12,,,1.75,1.56,4.68,1.0,,,,,,,,,,,1.48,8.51,2.37,,,,,,,,,,,,,1.22,1.0,1.74
2025-05-22,20:00:00,İsveç Allsvenskan,2134317,Malmö,AIK,,,,,,,,,,,,,,,,,,,,,,,,,,,,,,,,,,,2.02,1.45,1.1,3.63,1.0,10.5,,,,,,,,,3.88,2.91,1.72,15.2,1.0,,,1.26,2.58,,,4.07,1.06,1.65,1.73,1.11,3.54,,,,,,,,,2.99,2.27,2.46,4.58,1.0,,,1.76,1.63,,,4.42,1.11,3.46,2.68,4.72,12.5,35.0,2.67,3.8,4.9,2.85,1.95,3.14,2.06,1.43,5.9,1.0,1.78,1.61,6.41,1.88,2.19,7.07,7.91,9.28,20.7,70.0,130.0,130.0,130.0,5.11,5.68,12.65,42.0,130.0,130.0,6.15,6.92,15.15,51.0,130.0,11.0,12.4,27.5,92.0,26.5,30.0,67.0,79.0,88.0,130.0,42.0,1.55,4.15,3.39,5.75,1.88,10.55,5.74,8.98,4.51,3.24,2.49,7.42,7.53,3.83,14.8,2.02,4.72,4.67,18.7,3.81,14.7,1.69,8.75,4.17,32.5,3.12,35.0,3.49,2.37,8.51,6.68,4.55,9.02,8.4,1.0,2.9,1.2,,,1.58,1.82,1.14,3.26,1.0,6.55,,,,,,,2.98,1.82,4.1,18.85,1.72,1.67,1.05,1.0,1.5,3.63,1.1,1.94,4.17,2.35,2.35,35.0,15.4,25.0,7.47,16.9,4.1,8.84,4.85,8.1,15.85,62.0,88.0,8.8,19.35,79.0,18.5,44.0,62.0,22.9,44.0,88.0,22.9,53.0,44.0,26.5,88.0,88.0,88.0,62.0,88.0,88.0,44.0,11.45,21.1,70.0,12.3,25.5,26.5,16.7,26.5,53.0,31.0,17.6,88.0,44.0,31.0,62.0,35.0,17.6,79.0,25.5,88.0,39.5,22.9,2.53,1.28,1.24,2.66,1.0,6.93,1.9,1.53,4.66,1.0,2.46,6.3,31.5,3.36,8.44,42.5,8.89,22.45,66.0,16.8,2.13,4.8,1.99,3.25,4.7,6.04,14.95,2.38,7.52,15.6,2.22,33.5,4.9,7.44,2.36,1.39,1.0,1.34
2025-05-22,03:00:00,ABD USL Lig 2 (4.Lig),2134350,Fort Lauderdale Unit,Weston FC,,,,,,,,,,,,,,,,,,,,,,,,,,,,,,,,,,,,,1.24,2.43,,,,,,,,,,,,,,,,,,1.39,2.02,,,,,2.05,1.37,,,,,,,,,,,,,,,,,,2.02,1.38,,,2.03,1.69,2.97,,,,,,,,,,,,,,,1.38,2.03,,,,,,,,,,,,,,,,,,,,,,,,,,,,,,,,,,1.46,3.85,3.67,,,,,,,,,,,,,,,,,,,,,,,,,,,,,,,,,,,,,,,1.39,2.01,,,,,,,,,,,,,1.67,1.62,1.0,1.0,1.55,2.49,1.23,1.78,3.71,2.6,,,,,,,,,,,,,,,,,,,,,,,,,,,,,,,,,,,,,,,,,,,,,,,,,,,,,,,,,,1.43,1.93,,,1.74,1.56,3.15,1.11,,,,,,,,,,,1.9,4.11,2.24,,,,,,,,,,,,,1.28,1.05,1.42
2025-05-22,05:30:00,CONCACAF Şampiyonlar Kupa.Kdn.,2180893,Tigres UANL (K),Portland Thorns FC (,,,,,,,,,,,,,,,,,,,,,,,,,,,,,,,,,,,,,1.78,1.53,,,,,,,,,,,,,,,,,,1.83,1.5,,,2.37,1.26,,,,,,,,,,,,,,,,,,,,1.35,2.12,,,1.58,2.26,2.88,,,,,,,,,,,,,,,1.49,1.84,,,,,,,,,,,,,,,,,,,,,,,,,,,,,,,,,,3.6,1.55,3.4,,,,,,,,,,,,,,,,,,,,,,,,,,,,,,,,,,,,,1.82,1.5,,,,,,,,,,,,,,,1.67,1.62,1.0,1.47,1.0,2.78,1.17,3.6,1.88,2.45,,,,,,,,,,,,,,,,,,,,,,,,,,,,,,,,,,,,,,,,,,,,,,,,,,,,,,,,,,1.33,2.16,,,1.79,1.52,3.53,1.07,,,,,,,,,,,4.06,2.05,2.08,,,,,,,,,,,,,1.34,1.35,1.05
2025-05-23,03:10:00,Arjantin Kupası,2172147,Df. Justicia,New Old Boys,,,,,,,,,,,,,,,,,,,,,,,,,,,,,,,,,,,2.56,1.21,1.25,2.42,1.0,5.7,,,,,,,,,3.26,2.47,1.98,6.98,1.0,,,1.4,2.01,,,2.28,1.28,1.17,2.79,1.0,6.83,,,,,,,,,3.45,2.58,1.86,8.42,1.0,,,1.32,2.19,,,4.82,1.12,3.17,2.14,3.08,5.85,11.55,3.45,7.41,17.25,2.93,1.98,2.71,1.71,1.58,6.59,1.0,1.77,1.54,5.06,1.69,2.46,11.2,5.53,5.53,9.06,22.45,74.0,130.0,130.0,6.22,4.51,8.6,21.15,70.0,130.0,11.55,9.68,13.75,40.0,130.0,32.0,27.5,45.0,97.0,125.0,100.0,130.0,130.0,130.0,130.0,78.0,2.67,2.21,2.57,7.14,3.82,6.33,3.06,6.33,3.81,4.72,5.24,4.0,4.22,2.9,13.85,3.1,12.65,2.62,9.59,2.88,13.75,2.76,24.2,2.31,18.8,2.45,35.0,6.37,4.08,5.36,3.35,3.81,6.34,5.54,1.0,2.31,1.28,,,1.35,2.12,1.05,3.87,1.0,7.49,,,,,,,2.31,1.74,4.77,27.5,1.74,1.56,1.14,1.2,1.12,3.61,1.06,2.97,2.58,2.03,4.69,34.0,13.7,35.0,3.73,13.35,6.15,5.32,3.68,5.63,9.68,26.5,88.0,10.55,14.95,53.0,35.0,62.0,88.0,13.2,19.35,53.0,17.6,31.0,53.0,24.65,44.0,70.0,70.0,35.0,88.0,88.0,53.0,14.95,17.6,53.0,24.65,35.0,79.0,26.5,22.0,39.5,44.0,22.0,88.0,35.0,62.0,88.0,88.0,44.0,88.0,39.5,88.0,88.0,35.0,2.11,1.35,1.14,2.97,1.0,7.29,1.93,1.43,4.64,1.0,2.12,4.14,15.2,4.68,8.67,32.0,19.6,36.5,66.0,27.5,3.38,2.89,1.74,4.51,10.25,3.98,8.13,2.06,7.8,28.0,3.54,24.2,3.03,7.74,2.05,1.5,1.15,1.1
2025-05-22,02:30:00,ABD Açık Kupası,2167383,New York RB,Dallas,,,,,,,,,,,,,,,,,,,,,,,,,,,,,,,,,,,2.31,1.28,1.18,2.74,1.0,6.68,,,,,,,,,3.46,2.56,1.87,9.46,1.0,,,1.32,2.17,,,3.62,1.06,1.55,1.75,1.07,3.54,,,,,,,,,2.93,2.24,2.35,4.89,1.0,,,1.66,1.63,,,5.06,1.05,3.73,2.51,4.18,9.46,22.9,2.88,4.34,5.95,2.78,1.89,3.05,2.1,1.35,4.83,1.0,1.57,1.72,5.9,2.05,1.98,8.18,8.45,9.02,16.75,46.5,130.0,130.0,130.0,6.08,5.25,10.55,29.5,110.0,130.0,7.55,7.12,12.0,36.5,130.0,13.95,13.15,24.65,62.0,34.5,32.5,61.0,105.0,100.0,130.0,34.0,1.72,3.29,3.04,6.87,2.09,10.25,4.36,9.59,3.96,3.91,2.69,6.8,5.6,3.75,11.45,2.34,5.02,4.1,12.35,3.74,11.4,1.95,8.84,3.57,20.9,2.96,35.0,3.55,2.9,6.45,5.87,3.99,9.68,7.37,1.0,2.98,1.14,,,1.61,1.68,1.16,2.82,1.0,5.24,,,,,,,3.06,1.75,3.53,14.4,1.69,1.6,1.07,1.05,1.37,3.04,1.13,2.07,3.39,2.29,2.69,35.0,13.5,25.0,5.9,14.5,4.63,7.71,4.72,8.62,14.95,44.0,88.0,10.55,17.6,62.0,22.9,44.0,79.0,22.0,35.0,88.0,21.1,39.5,44.0,22.9,88.0,88.0,88.0,39.5,88.0,88.0,39.5,14.1,19.35,62.0,15.85,26.5,35.0,16.7,25.5,44.0,31.0,14.95,88.0,35.0,39.5,62.0,44.0,18.5,79.0,22.9,88.0,44.0,20.25,2.51,1.22,1.25,2.41,1.0,5.64,1.82,1.5,3.88,1.05,2.56,5.58,23.3,3.7,7.73,32.5,10.1,21.35,66.0,16.35,2.25,3.85,1.94,3.56,5.08,5.35,10.8,2.48,6.81,14.85,2.46,24.65,4.19,6.75,2.46,1.39,1.06,1.28
2025-05-22,19:00:00,Bahreyn Premier Ligi,2177112,Malkiya Club,Al Rifaa,,,,,,,,,,,,,,,,,,,,,,,,,,,,,,,,,,,,,1.52,1.8,,,,,,,,,,,3.0,2.23,2.31,,,,,1.62,1.67,,,2.24,1.3,,,,,,,,,,,,,3.51,2.6,1.83,,,,,1.31,2.22,,,1.46,2.67,2.79,,,,,,,,2.8,1.87,3.11,2.03,1.38,5.11,1.0,1.63,1.66,6.21,1.95,2.05,8.22,,,,,,,,,,,,,,,,,,,,,,,,,,,,,,3.19,1.69,3.2,9.46,4.33,6.39,2.1,9.5,4.27,,,,,,,,,,,,,,,,,,,6.5,5.51,3.63,2.78,4.29,9.59,,,2.83,1.16,,,1.58,1.72,1.14,2.98,,,,,,,,,2.9,1.74,3.72,16.2,1.65,1.64,1.06,1.38,1.06,3.17,1.11,3.39,2.06,2.3,,,,,,,,,,,,,,,,,,,,,,,,,,,,,,,,,,,,,,,,,,,,,,,,,,,,,,,,2.42,1.25,,,,,1.84,1.49,4.04,1.0,,,,,,,,,,,3.88,2.3,1.91,5.31,11.25,3.55,5.34,2.39,7.02,26.5,4.18,15.95,2.49,6.96,2.38,1.41,1.27,1.06
2025-05-21,20:30:00,Faroe Adaları Kupası,2149449,B68 Toftir,Vikingur Gota,,,,,,,,,,,,,,,,,1.5,3.3,3.74,,,,,,,,,,,,,,,,2.29,1.23,,,,,,,,,,,,,,,,,,,,,,,,1.32,2.11,,,,,,,,,,,,,,,,,,,,,,,,1.67,3.52,2.86,,,,,,,,,,,,,,,2.86,1.1,,,,,,,,,,,,,,,,,,,,,,,,,,,,,,,,,,4.84,1.63,2.38,,,,,,,,,,,,,,,,,,,,,,,,,,,,,,,,,1.54,1.72,,,,,,,,,,,,,,,,,,,1.72,1.54,1.23,1.58,1.0,,,,,,,,,,,,,,,,,,,,,,,,,,,,,,,,,,,,,,,,,,,,,,,,,,,,,,,,,,,,,,,,,,,,,,,,,,,,,,,,,,,,,,,,,,,,,,,,,,
2025-05-22,03:30:00,ABD USL Lig 2 (4.Lig),2134367,Tennessee SC,Southern Soccer Acad,,,,,,,,,,,,,,,,,,,,,,,,,,,,,,,,,,,,,1.47,1.87,,,,,,,,,,,,,,,,,,1.58,1.72,,,,,1.92,1.44,,,,,,,,,,,,,,,,,,1.92,1.44,,,2.48,1.43,3.18,,,,,,,,,,,,,,,1.26,2.37,,,,,,,,,,,,,,,,,,,,,,,,,,,,,,,,,,1.74,2.82,3.49,,,,,,,,,,,,,,,,,,,,,,,,,,,,,,,,,,,,,,,1.5,1.82,,,,,,,,,,,,,1.68,1.61,1.0,1.09,1.36,2.19,1.31,2.02,2.92,2.63,,,,,,,,,,,,,,,,,,,,,,,,,,,,,,,,,,,,,,,,,,,,,,,,,,,,,,,,,,1.5,1.82,,,1.73,1.57,2.8,1.16,,,,,,,,,,,2.17,3.2,2.25,,,,,,,,,,,,,1.28,1.12,1.3
2025-05-21,20:00:00,İsveç Superettan (2.Lig),2134322,Orgryte,Sandvikens,,,,,,,,,,,,,,,,,,,,,,,,,,2.55,2.38,2.11,,,,,,,1.28,2.11,1.0,6.16,,,,,,,,,,,,,,,,,,,,,,,,,,,,1.36,1.94,1.0,5.72,,,,,,,,,,,,,,,,17.6,1.0,7.04,,,,,,,,,,,,,,,2.11,1.28,,,,,,,,,,,,,,,,,,,,,,,,,,,,,,,,,,,,,,,,,,,,,,,,,,,,,,,,,,,,,,,,,,,,,,,,,,,2.02,1.32,1.1,2.86,1.0,6.6,,,,,,,,,1.41,1.72,,,,,,,,,,,,,,,,,,,,,,,,,,,,,,,,,,,,,,,,,,,,,,,,,,,,,,,,,,,,,,,,,,,,,,,,,,,,,,,,,,,,,,,,,,,,,,,,,,,,,
2025-05-21,19:45:00,Hollanda Eredevisie - Play-Out,2175957,Dordrecht,Willem II,,,,,,,,,,,,,,,,,,,,,,,,,,4.84,6.6,1.1,,,,,,,,,1.06,3.96,,,,,,,,,,,,,,,,,,,,,,,,,,1.0,4.84,,,,,,,,,,,,,,,,,,,,17.6,1.0,6.6,,,,,,,,,,,,,,,,,,,,,,,,,,,,,,,,,,,,,,,,,,,,,,,,,,1.0,17.6,4.84,,,,,,,,,,,,,,,,,,,,,,,,,,,,,,,,,,,,,,,1.14,2.38,1.0,9.68,,,,,,,,,,,1.14,3.3,,,,,,,,,,,,,,,,,,,,,,,,,,,,,,,,,,,,,,,,,,,,,,,,,,,,,,,,,,,,,,,,,,,,,,,,,,,,,,,,,,,,,,,,,,,,,,,,,,,,,
2025-05-21,20:00:00,"Polonya 3. Lig, Grup 2",2134282,Polonia Sroda Wielko,Kss Kotwica Kornik,,,,,,,,,,,,,,,,,,,,,,,,,,,,,2.64,2.11,2.38,,,,,,1.32,2.02,,,,,,,,,,,,,,,,,,,,,,,,,,,,1.5,1.72,,,,,,,,,,,,,,,,,,7.92,1.23,3.08,,,,,,,,,,,,,,,,,,,,,,,,,,,,,,,,,,,,,,,,,,,,,,,,,,1.0,17.6,8.8,,,,,,,,,,,,,,,,,,,,,,,,,,,,,,,,,,,,,,,,,2.29,1.23,,,,,,,,,,,1.76,1.45,,,,,,,,,,,,,,,,,,,,,,,,,,,,,,,,,,,,,,,,,,,,,,,,,,,,,,,,,,,,,,,,,,,,,,,,,,,,,,,,,,,,,,,,,,,,,,,,,,,,,
2025-05-22,02:30:00,ABD USL Lig 2 (4.Lig),2134344,Patuxent Football At,Lionsbridge,,,,,,,,,,,,,,,,,,,,,,,,,,,,,,,,,,,,,,,1.39,2.02,,,,,,,,,,,,,,,,2.24,1.3,,,2.42,1.25,,,,,,,,,,,,,,,,,,,,1.36,2.07,,,1.94,1.75,2.98,,,,,,,,,,,,,,,1.38,2.03,,,,,,,,,,,,,,,,,,,,,,,,,,,,,,,,,,4.52,1.32,4.22,,,,,,,,,,,,,,,,,,,,,,,,,,,,,,,,,,,,,,,1.49,1.84,,,,,,,,,,,,,1.65,1.65,1.0,1.71,1.0,2.44,1.24,4.23,1.62,2.77,,,,,,,,,,,,,,,,,,,,,,,,,,,,,,,,,,,,,,,,,,,,,,,,,,,,,,,,,,1.5,1.81,,,1.72,1.58,3.06,1.13,,,,,,,,,,,4.61,1.72,2.38,,,,,,,,,,,,,1.24,1.51,1.0
2025-05-22,04:00:00,ABD Açık Kupası,2167377,Austin,Houston Dynamo,,,,,,,,,,,,,,,,,,,,,,,,,,,,,,,,,,,2.38,1.26,1.2,2.62,1.0,6.34,,,,,,,,,3.41,2.53,1.9,8.63,1.0,,,1.35,2.12,,,3.07,1.13,1.39,2.01,1.0,4.38,,,,,,,,,3.08,2.31,2.17,5.89,1.0,,,1.52,1.79,,,6.27,1.0,3.94,2.37,3.7,7.91,17.85,2.97,5.01,8.16,2.84,1.91,2.95,1.94,1.43,5.41,1.0,1.62,1.67,5.54,1.91,2.11,9.5,7.28,7.49,13.4,36.0,130.0,130.0,130.0,5.95,4.93,9.64,25.5,92.0,130.0,8.38,7.62,12.35,36.5,130.0,17.65,16.0,29.0,70.0,50.0,45.0,82.0,130.0,130.0,130.0,46.0,1.94,2.83,2.86,6.76,2.49,8.55,3.83,8.31,3.87,4.05,3.27,5.59,5.01,3.42,12.0,2.5,6.6,3.47,11.2,3.41,11.9,2.14,12.05,3.04,19.9,2.75,35.0,4.2,3.19,5.93,4.78,3.89,8.35,6.71,1.0,2.71,1.18,,,1.5,1.81,1.11,3.16,1.0,5.98,,,,,,,2.75,1.74,3.91,18.15,1.7,1.59,1.09,1.09,1.28,3.19,1.11,2.31,3.06,2.19,3.19,35.0,13.4,28.0,5.02,14.0,4.95,6.64,4.31,7.39,12.3,39.5,88.0,10.55,15.85,62.0,24.65,44.0,88.0,18.5,31.0,88.0,19.35,35.0,44.0,23.75,70.0,88.0,88.0,39.5,88.0,88.0,44.0,14.1,18.5,53.0,17.6,26.5,44.0,19.35,23.75,44.0,35.0,16.7,88.0,35.0,44.0,70.0,53.0,23.75,88.0,26.5,88.0,62.0,24.65,2.34,1.27,1.21,2.6,1.0,6.23,1.86,1.48,4.1,1.0,2.38,5.02,20.15,3.94,7.93,32.0,12.3,25.0,66.0,20.15,2.55,3.48,1.86,3.79,6.3,4.82,9.86,2.31,7.05,18.15,2.75,24.2,3.74,6.99,2.29,1.43,1.09,1.21
2025-05-22,01:30:00,Paraguay Primera Ligi,2173501,CA Tembetary,Guarani Asuncion,,,,,,,,,,,,,,,,,,,,,,,,,,,,,,,,,,,2.48,1.23,,,,,,,,,,,,,,,,,,,,1.37,2.06,,,,,1.24,2.43,,,,,,,,,,,,,,,,,,1.38,2.02,,,4.02,1.19,3.0,,,,,,,,,,,,,,,1.72,1.58,,,,,,,,,,,,,,,,,,,,,,,,,,,,,,,,,,2.3,2.37,2.79,,,,,,,,,,,,,,,,,,,,,,,,,,,,,,,,,,,,,1.4,1.99,,,,,,,,,,,,,,,1.69,1.6,1.1,1.16,1.18,3.46,1.08,2.65,2.72,2.12,,,,,,,,,,,,,,,,,,,,,,,,,,,,,,,,,,,,,,,,,,,,,,,,,,,,,,,,2.17,1.32,,,,,1.9,1.45,4.44,1.0,,,,,,,,,,,3.02,3.11,1.78,,,,,,,,,,,,,1.49,1.13,1.14
2025-05-23,03:30:00,Brezilya Kupası,2134184,Capital CF DF,Botafogo,,,,,,,,,,,,,,,,,,,,,,,,,,,,,,,,,,,,,1.74,1.56,,,,,,,,,,,,,,,,,,1.83,1.5,,,1.81,1.5,,,,,,,,,,,,,,,,,,,,1.2,2.64,,,1.8,2.02,2.68,,,,,,,,,,,,,,,1.78,1.53,,,,,,,,,,,,,,,,,,,,,,,,,,,,,,,,,,4.88,1.39,3.42,,,,,,,,,,,,,,,,,,,,,,,,,,,,,,,,,,,,,1.58,1.72,,,,,,,,,,,,,,,1.67,1.62,1.0,1.62,1.0,3.49,1.07,4.64,1.75,2.33,,,,,,,,,,,,,,,,,,,,,,,,,,,,,,,,,,,,,,,,,,,,,,,,,,,,,,,,,,1.24,2.46,,,1.81,1.5,4.35,1.0,,,,,,,,,,,5.31,1.88,2.02,,,,,,,,,,,,,1.36,1.42,1.0
2025-05-21,20:00:00,"Mısır Lig Kupası, Eleme Turu",2178390,Petrojet,Cleopatra,,,,,,,,,,,,,,,,,,,,2.2,3.74,1.85,,,,,,,,,,,,,1.41,1.85,1.0,5.28,,,,,,,,,,,,,,,,,,,,,,,,1.14,2.55,1.0,7.92,,,,,,,,,,,,,,,,,,,,17.6,1.0,9.68,,,,,,,,,,,,,,,1.85,1.41,,,,,,,,,,,,,,,,,,,,,,,,,,,,,,,,,,1.23,8.8,3.08,,,,,,,,,,,,,,,,,,,,,,,,,,,,,,,,,2.02,1.32,,,1.06,3.08,1.0,7.04,,,,,,,,,,,,,1.36,1.94,,,,,,,,,,,,,,,,,,,,,,,,,,,,,,,,,,,,,,,,,,,,,,,,,,,,,,,,,,,,,,,,,,,,,,,,,,,,,,,,,,,,,,,,,,,,,,,,,,,,,
2025-05-22,01:00:00,Profesyonel Lig Kupası,2178383,Real Tomayapo,Always Ready,,,,,,,,,,,,,,,,,,,,,,,,,,,,,,,,,,,,,1.5,1.83,,,,,,,,,,,,,,,,,,1.6,1.69,,,2.35,1.27,,,,,,,,,,,,,,,,,,,,1.34,2.14,,,1.4,2.81,2.85,,,,,,,,,,,,,,,1.59,1.7,,,,,,,,,,,,,,,,,,,,,,,,,,,,,,,,,,3.03,1.78,3.09,,,,,,,,,,,,,,,,,,,,,,,,,,,,,,,,,,,,,1.58,1.71,,,,,,,,,,,,,,,1.67,1.62,1.07,1.34,1.07,3.09,1.12,3.23,2.14,2.28,,,,,,,,,,,,,,,,,,,,,,,,,,,,,,,,,,,,,,,,,,,,,,,,,,,,,,,,2.45,1.24,,,,,1.84,1.49,3.94,1.0,,,,,,,,,,,3.68,2.38,1.91,,,,,,,,,,,,,1.41,1.25,1.07
2025-05-22,19:15:00,Suudi Profesyonel Ligi,2132498,Damac,Al Fateh,,,,,,,,,,,,,,,,,,,,,,,,,,,,,,,,,,,4.29,1.0,1.76,1.55,1.14,2.9,,,,,,,,,2.84,2.14,2.53,,,,,1.81,1.5,,,2.71,1.18,1.29,2.27,1.0,5.24,,,,,,,,,3.25,2.4,2.03,,,,,1.43,1.94,,,1.47,2.46,3.0,,,,,,,,2.72,1.83,3.32,2.59,1.21,3.71,1.06,1.39,2.01,6.64,2.53,1.65,7.59,,,,,,,,,,,,,,,,,,,,,,,,,,,,,,3.13,1.68,3.33,,,,,,,8.0,4.6,4.76,2.33,4.61,9.2,4.39,8.8,2.6,3.89,4.62,9.24,3.7,13.75,2.09,6.24,3.34,35.0,5.27,6.57,2.97,3.26,3.96,14.15,,,3.8,1.05,,,1.94,1.43,1.31,2.21,,,,,,,,,4.05,1.84,2.9,8.71,1.68,1.61,1.05,1.39,1.06,2.56,1.21,3.21,2.0,2.48,,,,,,,,,,,,,,,,,,,,,,,,,,,,,,,,,,,,,,,,,,,,,,,,,,,,,,,,2.92,1.14,1.36,2.07,1.0,4.54,1.77,1.53,3.26,1.1,,,,,,,,,,,3.57,2.16,2.11,5.44,8.61,3.74,4.32,2.93,5.98,18.15,4.07,11.3,2.46,5.93,2.91,1.32,1.31,1.08
2025-05-21,20:00:00,Senegal Premier Ligi,2177163,ASC Jaraaf,US Goree,,,,,,,,,,,,,,,,,,,,4.4,2.86,1.45,,,,,,,,,,,,,,,1.06,3.3,,,,,,,,,,,,,,,,,,,,,,1.19,2.46,,,,,,,,,,,,,,,,,,,,,,,,1.0,17.6,4.84,,,,,,,,,,,,,,,2.46,1.19,,,,,,,,,,,,,,,,,,,,,,,,,,,,,,,,,,14.1,1.1,3.52,,,,,,,,,,,,,,,,,,,,,,,,,,,,,,,,,1.45,1.76,,,,,,,,,,,,,,,,,,,1.23,2.2,,,,,,,,,,,,,,,,,,,,,,,,,,,,,,,,,,,,,,,,,,,,,,,,,,,,,,,,,,,,,,,,,,,,,,,,,,,,,,,,,,,,,,,,,,,,,,,,,,,,,
2025-05-22,01:00:00,Venezuela Primera Lig Açılış Ana Tur,2157824,Dep. La Gua,Ucv FC,,,,,,,,,,,,,,,,,,,,,,,,,,,,,,,,,,,2.09,1.36,,,,,,,,,,,,,,,,,,,,1.27,2.34,,,,,1.54,1.76,,,,,,,,,,,,,,,,,,1.65,1.64,,,2.52,1.51,2.76,,,,,,,,,,,,,,,1.67,1.62,,,,,,,,,,,,,,,,,,,,,,,,,,,,,,,,,,1.63,3.6,3.08,,,,,,,,,,,,,,,,,,,,,,,,,,,,,,,,,,,,,1.53,1.77,,,,,,,,,,,,,,,1.68,1.61,1.06,1.0,1.42,3.28,1.1,2.0,3.68,2.25,,,,,,,,,,,,,,,,,,,,,,,,,,,,,,,,,,,,,,,,,,,,,,,,,,,,,,,,2.39,1.25,,,,,1.85,1.49,4.18,1.0,,,,,,,,,,,2.2,4.22,1.91,,,,,,,,,,,,,1.41,1.0,1.29
2025-05-22,22:00:00,İskoçya Premiership Düş./Yük.,2176876,Livingston,Ross County,,,,,,,,,,,,,,,,,,,,,,,,,,,,,,,,,,,2.53,1.28,1.23,2.72,1.0,7.22,,,,,,,,,3.49,2.59,1.96,11.25,1.0,,,1.38,2.18,,,3.48,1.12,1.49,1.96,1.05,4.36,,,,,,,,,3.1,2.35,2.31,6.28,1.0,,,1.62,1.77,,,5.83,1.0,3.9,2.38,3.86,8.28,18.6,2.97,4.8,7.32,2.9,1.95,3.08,2.1,1.42,5.63,1.0,1.62,1.78,5.57,2.0,2.02,9.11,7.77,8.15,14.45,38.5,130.0,130.0,130.0,6.2,4.96,9.81,26.0,92.0,130.0,8.28,7.45,11.7,35.0,130.0,16.55,14.85,26.5,62.0,44.0,39.5,71.0,130.0,130.0,130.0,38.5,1.93,3.05,2.97,7.03,2.35,9.28,3.92,8.84,3.79,4.12,3.04,6.05,5.07,3.52,11.2,2.5,5.91,3.68,11.1,3.5,11.15,2.11,10.55,3.2,19.15,2.79,35.0,3.92,3.17,5.94,5.16,3.82,8.93,8.26,1.0,3.02,1.18,,,1.6,1.8,1.16,3.12,1.0,6.28,,,,,,,3.11,1.82,3.94,17.25,1.76,1.63,1.09,1.08,1.29,3.26,1.14,2.3,3.23,2.29,3.03,35.0,13.0,27.0,5.23,13.75,4.94,7.01,4.43,7.92,14.1,39.5,88.0,10.55,16.7,62.0,24.65,44.0,88.0,20.25,31.0,88.0,20.25,39.5,44.0,22.9,79.0,88.0,88.0,39.5,88.0,88.0,39.5,14.1,18.5,62.0,17.6,26.5,39.5,17.6,24.65,44.0,35.0,15.85,88.0,35.0,44.0,62.0,53.0,22.0,79.0,25.5,88.0,53.0,22.0,2.54,1.27,1.25,2.61,1.0,6.7,1.9,1.52,4.26,1.06,2.47,5.17,20.6,3.88,7.74,31.0,11.5,22.9,66.0,18.2,2.52,3.67,1.95,3.74,5.78,4.96,9.81,2.4,6.84,16.45,2.66,23.3,3.85,6.78,2.38,1.42,1.08,1.23
2025-05-21,22:00:00,Profesyonel Lig Kupası,2178382,Univ. de Vinto,Oriente P.,,,,,,,,,,,,,,,,,,,,,,,,,,,,,,,,,,,1.83,1.5,,,,,,,,,,,,,,,,,,,,1.2,2.62,,,,,1.61,1.68,,,,,,,,,,,,,,,,,,1.7,1.59,,,2.21,1.72,2.6,,,,,,,,,,,,,,,1.84,1.49,,,,,,,,,,,,,,,,,,,,,,,,,,,,,,,,,,1.45,4.22,3.47,,,,,,,,,,,,,,,,,,,,,,,,,,,,,,,,,,,,,1.5,1.83,,,,,,,,,,,,,,,1.64,1.65,1.0,1.0,1.56,3.64,1.06,1.82,4.31,2.3,,,,,,,,,,,,,,,,,,,,,,,,,,,,,,,,,,,,,,,,,,,,,,,,,,,,,,,,2.35,1.27,,,,,1.85,1.48,4.52,1.0,,,,,,,,,,,2.03,4.95,1.91,,,,,,,,,,,,,1.4,1.0,1.35
2025-05-22,02:00:00,ABD USL Lig 2 (4.Lig),2134361,Steel City FC,FC Buffalo,,,,,,,,,,,,,,,,,,,,,,,,,,,,,,,,,,,,,1.48,1.86,,,,,,,,,,,,,,,,,,1.58,1.71,,,,,,,1.49,1.83,,,,,,,,,,,,,,,,2.39,1.25,,,1.87,1.72,3.26,,,,,,,,,,,,,,,1.19,2.69,,,,,,,,,,,,,,,,,,,,,,,,,,,,,,,,,,1.43,3.67,4.05,,,,,,,,,,,,,,,,,,,,,,,,,,,,,,,,,,,,,,,1.84,1.49,,,,,,,,,,,,,1.67,1.62,1.0,1.0,1.58,1.95,1.42,1.71,3.47,2.92,,,,,,,,,,,,,,,,,,,,,,,,,,,,,,,,,,,,,,,,,,,,,,,,,,,,,,,,,,1.72,1.57,,,1.7,1.59,2.46,1.23,,,,,,,,,,,1.8,3.75,2.53,,,,,,,,,,,,,1.21,1.06,1.47
2025-05-22,05:00:00,Kosta Rika Primera - Play-Out,2175432,Alajuelense,Saprissa,,,,,,,,,,,,,,,,,,,,,,,,,,,,,,,,,,,2.13,1.34,,,,,,,,,,,,,,,,,,,,1.28,2.31,,,,,1.29,2.27,,,,,,,,,,,,,,,,,,1.43,1.93,,,3.42,1.28,2.83,,,,,,,,,,,,,,,1.81,1.5,,,,,,,,,,,,,,,,,,,,,,,,,,,,,,,,,,2.0,2.92,2.68,,,,,,,,,,,,,,,,,,,,,,,,,,,,,,,,,,,,,1.35,2.12,,,,,,,,,,,,,,,1.72,1.58,1.12,1.08,1.26,3.69,1.06,2.39,3.2,2.06,,,,,,,,,,,,,,,,,,,,,,,,,,,,,,,,,,,,,,,,,,,,,,,,,,,,,,,,2.1,1.36,,,,,1.93,1.43,4.71,1.0,,,,,,,,,,,2.68,3.7,1.74,,,,,,,,,,,,,1.5,1.07,1.18
2025-05-21,21:00:00,Fransa Ligue 1 - Play-Out,2168299,Metz,Reims,,,,,,,,,,,,,,,,,2.2,1.85,4.18,,,,,,,,,,,,,,,,1.72,1.58,1.06,3.96,,,,,,,,,,,,,,,,,,1.06,3.74,,,2.02,1.41,1.1,3.3,,,,,,,,,,,,,,,,,,1.06,3.74,,,5.72,1.32,3.52,,,,,,,,6.16,1.5,2.64,,,,,2.55,1.23,,,,,,,,,,,,,,,,,,,,,,,,,,,,,,,,,,2.29,2.86,2.29,,,,,,,,,,,,,,,,,,,,,,,,,,,,,,,3.74,1.06,1.63,1.67,,,1.1,3.3,,,,,,,,,,,,,,,1.76,1.58,1.32,1.14,1.32,3.74,1.06,2.46,3.3,2.02,,,,,,,,,,,,,,,,,,,,,,,,,,,,,,,,,,,,,,,,,,,,,,,,,,,,,,,,1.36,2.11,1.0,8.36,,,,,11.45,1.0,,,,,,,,,,,4.4,5.72,1.23,,,,,,,,,,,,,2.46,1.0,1.0
2025-05-21,21:30:00,İtalya Serie B - Yükselme Turu,2173477,Catanzaro,Spezia,,,,,,,,,,,,,,,,,1.58,2.11,7.48,,,,,,,,,,,,,,,,3.08,1.14,1.41,2.02,,,,,,,,,,,,,,,,,,1.54,1.85,,,2.29,1.32,1.14,2.86,,,,,,,,,,,,,,,,,,1.32,2.2,,,8.36,1.14,4.84,,,,,,,,2.86,1.94,2.86,,,,,1.67,1.63,,,,,,,,,,,,,,,,,,,,,,,,,,,,,,,,,,3.3,1.94,2.64,,,,,,,,,,,,,,,,,,,,,,,,,,,,,,,,,2.64,1.19,,,1.45,1.94,1.1,3.3,,,,,,,,,,,,,1.76,1.58,1.23,1.45,1.1,3.3,1.1,3.52,2.2,2.2,,,,,,,,,,,,,,,,,,,,,,,,,,,,,,,,,,,,,,,,,,,,,,,,,,,,,,,,2.29,1.32,1.19,2.86,,,,,4.4,1.0,,,,,,,,,,,3.74,2.55,1.85,,,,,,,,,,,,,1.5,1.23,1.06
2025-05-22,19:00:00,Bulgaristan Kupası,2149447,Ludogorets,CSKA Sofya,,,,,,,,,,,,,,,,,,,,,,,,,,,,,,,,,,,,,1.27,2.33,,,,,,,,,,,,,,,,,,1.42,1.96,,,,,1.34,2.13,,,,,,,,,,,,,,,,,,1.48,1.85,,,3.63,1.21,3.09,,,,,,,,,,,,,,,1.56,1.73,,,,,,,,,,,,,,,,,,,,,,,,,,,,,,,,,,2.21,2.52,2.74,,,,,,,,,,,,,,,,,,,,,,,,,,,,,,,,,,,,,1.53,1.78,,,,,,,,,,,,,,,1.73,1.57,1.11,1.14,1.2,3.06,1.13,2.52,2.77,2.18,,,,,,,,,,,,,,,,,,,,,,,,,,,,,,,,,,,,,,,,,,,,,,,,,,,,,,,,2.39,1.25,,,,,1.85,1.48,3.94,1.0,,,,,,,,,,,2.78,3.1,1.87,,,,,,,,,,,,,1.43,1.13,1.17
2025-05-21,20:00:00,İsveç Superettan (2.Lig),2134323,Falkenbergs,Trelleborgs,,,,,,,,,,,,,,,,,,,,,,,,,,3.08,2.64,1.72,,,,,,,1.19,2.38,1.0,7.48,,,,,,,,,,,,,,,,,,,,,,,,,,,,1.23,2.2,1.0,7.04,,,,,,,,,,,,,,,,17.6,1.0,8.36,,,,,,,,,,,,,,,2.38,1.19,,,,,,,,,,,,,,,,,,,,,,,,,,,,,,,,,,,,,,,,,,,,,,,,,,,,,,,,,,,,,,,,,,,,,,,,,,,1.67,1.54,1.0,3.52,1.0,7.92,,,,,,,,,1.41,1.85,,,,,,,,,,,,,,,,,,,,,,,,,,,,,,,,,,,,,,,,,,,,,,,,,,,,,,,,,,,,,,,,,,,,,,,,,,,,,,,,,,,,,,,,,,,,,,,,,,,,,
2025-05-21,20:00:00,Kadınlar İsveç Kupası,2158767,Hammarby (K),IFK Norrkoping DFK (,,,,,,,,,,,,,,,,,,,,,,,6.16,1.58,2.2,,,,,,,,,,1.0,3.74,,,,,,,,,,,,,,,,,,,,,,,,,,,,1.76,1.45,,,,,,,,,,,,,,,,,,,,4.4,1.58,2.46,,,,,,,,,,,,,,,3.74,1.0,,,,,,,,,,,,,,,,,,,,,,,,,,,,,,,,,,,,,,,,,,,,,,,,,,,,,,,,,,,,,,,,,,,,,,,,,2.11,1.28,,,,,,,,,,,,,,,1.85,1.41,,,,,,,,,,,,,,,,,,,,,,,,,,,,,,,,,,,,,,,,,,,,,,,,,,,,,,,,,,,,,,,,,,,,,,,,,,,,,,,,,,,,,,,,,,,,,,,,,,,,,
2025-05-21,21:45:00,İngiltere Ulusal Ligi,2173802,Forest Green,Southend Utd.,,,,,,,,,,,,,,,,,,,,,,,,,,,,,,,,,,,3.08,1.13,1.39,2.01,1.0,4.38,,,,,,,,,3.1,2.31,2.18,6.92,1.0,,,1.52,1.8,,,3.18,1.11,1.42,1.95,1.0,4.21,,,,,,,,,3.07,2.29,2.21,6.6,1.0,,,1.54,1.76,,,6.73,1.0,4.21,2.49,3.41,6.07,10.35,3.34,5.78,9.5,2.78,1.85,3.16,2.31,1.28,4.29,1.0,1.44,1.92,5.88,2.27,1.77,9.2,9.86,8.19,11.6,24.65,70.0,130.0,130.0,7.99,5.25,8.18,17.3,49.5,130.0,11.05,7.98,10.25,24.2,69.0,22.9,16.4,23.3,45.0,63.0,46.0,65.0,130.0,130.0,130.0,25.5,2.22,2.31,3.02,9.06,2.68,9.33,2.81,11.2,3.7,5.39,3.34,5.58,3.5,3.97,9.42,3.08,6.27,3.19,6.64,3.97,9.42,2.57,10.4,2.68,11.0,2.98,35.0,4.07,4.19,4.22,4.38,3.72,11.35,8.03,1.0,3.32,1.09,,,1.74,1.56,1.22,2.52,1.0,4.57,,,,,,,3.46,1.78,3.21,11.4,1.7,1.6,1.08,1.17,1.2,2.72,1.18,2.5,2.58,2.34,3.66,27.5,12.9,27.0,3.85,13.0,5.75,5.94,4.9,9.68,14.1,35.0,88.0,14.1,16.7,53.0,31.0,44.0,88.0,19.35,24.65,62.0,20.25,31.0,53.0,17.6,62.0,79.0,70.0,24.65,88.0,70.0,35.0,19.35,20.25,53.0,22.9,31.0,53.0,17.6,26.5,35.0,35.0,13.2,88.0,23.75,62.0,70.0,70.0,22.9,88.0,22.9,88.0,62.0,16.7,2.66,1.19,1.29,2.26,1.0,5.14,1.8,1.51,3.48,1.07,2.73,4.58,14.5,4.46,7.09,22.45,13.75,21.95,66.0,15.25,2.76,2.86,1.99,4.29,6.37,4.4,6.68,2.65,6.18,15.6,3.09,16.15,3.19,6.12,2.63,1.37,1.16,1.17
2025-05-22,02:30:00,CONCACAF Şampiyonlar Kupa.Kdn.,2180892,CF America (K),Gotham FC (K),,,,,,,,,,,,,,,,,,,,,,,,,,,,,,,,,,,,,1.41,1.98,,,,,,,,,,,,,,,,,,1.53,1.78,,,2.44,1.24,,,,,,,,,,,,,,,,,,,,1.36,2.09,,,1.32,3.15,2.91,,,,,,,,,,,,,,,1.6,1.69,,,,,,,,,,,,,,,,,,,,,,,,,,,,,,,,,,2.76,1.94,2.97,,,,,,,,,,,,,,,,,,,,,,,,,,,,,,,,,,,,,1.54,1.77,,,,,,,,,,,,,,,1.68,1.61,1.08,1.28,1.1,3.13,1.12,3.02,2.29,2.24,,,,,,,,,,,,,,,,,,,,,,,,,,,,,,,,,,,,,,,,,,,,,,,,,,,,,,,,2.38,1.26,,,,,1.86,1.48,4.02,1.0,,,,,,,,,,,3.43,2.56,1.87,,,,,,,,,,,,,1.43,1.21,1.09
2025-05-22,19:00:00,Bahreyn Premier Ligi,2177113,Al Khalidiyah,Aali,,,,,,,,,,,,,,,,,,,,,,,,,,,,,,,,,,,1.84,1.49,,,,,,,,,,,,,3.86,2.97,1.61,,,,,1.21,2.59,,,,,,,1.48,1.85,,,,,,,,,2.6,2.02,2.97,,,,,2.43,1.24,,,2.32,1.5,3.11,,,,,,,,2.58,1.85,3.48,2.89,1.15,3.25,1.1,1.62,1.67,9.94,2.64,1.84,3.83,,,,,,,,,,,,,,,,,,,,,,,,,,,,,,1.15,7.15,4.83,7.45,1.27,21.8,9.33,17.1,5.82,,,,,,,,,,,,,,,,,,,2.35,1.94,12.65,14.85,6.08,18.0,,,,,,,2.18,1.32,1.41,1.98,1.1,3.3,,,,,,,4.73,1.92,2.68,6.93,1.65,1.65,1.0,1.0,2.02,2.96,1.14,1.43,6.01,2.85,,,,,,,,,,,,,,,,,,,,,,,,,,,,,,,,,,,,,,,,,,,,,,,,,,,,,,,,,,1.46,1.87,,,1.72,1.58,3.66,1.06,,,,,,,,,,,1.51,6.58,2.48,2.99,2.63,8.93,20.0,3.39,7.34,8.98,1.69,35.0,7.31,7.2,3.34,1.21,1.0,1.71
2025-05-23,03:00:00,Profesyonel Lig Kupası,2178381,Cdt Real Oruro,Strongest,,,,,,,,,,,,,,,,,,,,,,,,,,,,,,,,,,,,,1.79,1.52,,,,,,,,,,,,,,,,,,1.83,1.5,,,,,1.36,2.07,,,,,,,,,,,,,,,,,,1.5,1.83,,,1.43,2.54,3.09,,,,,,,,,,,,,,,1.33,2.15,,,,,,,,,,,,,,,,,,,,,,,,,,,,,,,,,,2.94,1.74,3.31,,,,,,,,,,,,,,,,,,,,,,,,,,,,,,,,,,,,,,,1.37,2.05,,,,,,,,,,,,,1.69,1.6,1.06,1.36,1.08,2.4,1.25,3.03,2.05,2.52,,,,,,,,,,,,,,,,,,,,,,,,,,,,,,,,,,,,,,,,,,,,,,,,,,,,,,,,,,1.41,1.97,,,1.76,1.55,3.07,1.13,,,,,,,,,,,3.35,2.2,2.16,,,,,,,,,,,,,1.31,1.29,1.1
2025-05-21,21:00:00,İtalya Serie C - Yükselme Turu,2175453,Pescara C.,Vis Pesaro,,,,,,,,,,,,,,,,,2.38,1.41,6.6,,,,,,,,,,,,,,,,1.76,1.41,,,,,,,,,,,,,,,,,,,,1.1,3.52,,,,,1.41,1.94,,,,,,,,,,,,,,,,,,1.32,2.29,,,2.86,1.67,3.3,,,,,,,,5.28,1.41,3.08,,,,,1.72,1.41,,,,,,,,,,,,,,,,,,,,,,,,,,,,,,,,,,1.63,3.74,2.86,,,,,,,,,,,,,,,,,,,,,,,,,,,,,,,,,,,,,1.32,1.85,,,,,,,,,,,,,,,1.67,1.58,1.14,1.0,1.63,2.64,1.14,1.85,3.74,2.38,,,,,,,,,,,,,,,,,,,,,,,,,,,,,,,,,,,,,,,,,,,,,,,,,,,,,,,,1.54,1.67,,,,,,,6.16,1.0,,,,,,,,,,,2.86,5.72,1.45,,,,,,,,,,,,,1.94,1.0,1.19
2025-05-21,20:00:00,Norveç Kupası,2170646,Lillestrom,Fredrikstad,,,,,,,,,,,,,,,,,,,,,,,3.74,2.86,1.58,,,,,,,,,,,,1.14,3.08,1.0,10.55,,,,,,,,,,,,,,,,,,,,,,1.23,2.46,1.0,8.8,,,,,,,,,,,,,,,,,,,,17.6,1.0,11.45,,,,,,,,,,,,,,,,,,,,,,,,,,,,,,,,,,,,,,,,,,,,,,,,,,3.3,4.4,1.45,,,,,,,,,,,,,,,,,,,,,,,,,,,,,,,,,,,,,1.58,1.67,1.0,4.84,1.0,10.55,,,,,,,,,,,2.2,1.32,1.85,1.0,1.1,,,,,,,,,,,,,,,,,,,,,,,,,,,,,,,,,,,,,,,,,,,,,,,,,,,,,,,,,,,,,,,,,,,,,,,,,,,,,,,,,,,,,,,,,,,,,,,,,,
2025-05-22,03:10:00,Arjantin Kupası,2172148,Ath Lanus,Velez,,,,,,,,,,,,,,,,,,,,,,,,,,,,,,,,,,,1.75,1.55,1.0,4.12,1.0,9.94,,,,,,,,,4.08,3.01,1.57,9.94,1.0,,,1.16,2.79,,,2.16,1.33,1.14,2.97,1.0,7.3,,,,,,,,,3.55,2.66,1.8,7.24,1.0,,,1.28,2.28,,,8.98,1.0,3.99,1.96,3.53,9.77,32.5,2.76,5.81,13.75,3.12,2.09,2.39,1.37,2.06,9.42,1.0,2.32,1.28,5.24,1.34,3.63,13.85,3.65,5.2,13.15,51.0,130.0,130.0,130.0,4.03,4.73,13.1,50.0,130.0,130.0,7.78,10.1,23.3,100.0,130.0,22.9,29.5,77.0,130.0,88.0,120.0,130.0,130.0,130.0,130.0,130.0,2.13,3.12,2.35,4.63,3.48,6.02,5.62,4.18,4.54,3.11,5.41,4.35,8.57,2.42,25.0,2.29,15.2,3.23,27.5,2.39,24.65,2.1,35.0,3.02,35.0,2.21,35.0,7.32,2.74,10.45,4.04,4.52,4.17,3.99,1.0,1.72,1.57,,,1.14,3.01,1.0,6.14,1.0,10.55,,,,,,,1.71,1.9,8.09,35.0,1.74,1.56,1.17,1.06,1.21,4.9,1.0,2.63,3.55,1.8,3.7,35.0,16.1,35.0,5.83,16.75,4.7,6.38,2.98,3.7,8.62,39.5,88.0,6.86,15.85,88.0,22.9,70.0,88.0,13.2,26.5,88.0,18.5,53.0,62.0,53.0,70.0,88.0,88.0,88.0,88.0,88.0,88.0,9.68,17.6,70.0,16.7,39.5,53.0,39.5,23.75,62.0,44.0,39.5,88.0,88.0,39.5,88.0,70.0,53.0,88.0,70.0,88.0,88.0,79.0,1.73,1.57,1.0,4.02,1.0,9.64,2.1,1.36,6.22,1.0,1.72,5.2,30.0,3.96,11.4,66.0,17.2,50.0,66.0,49.5,3.03,4.21,1.54,3.8,10.45,4.98,17.4,1.68,10.45,35.0,3.03,35.0,4.17,10.4,1.67,1.68,1.0,1.13
2025-05-22,02:00:00,ABD USL Lig 2 (4.Lig),2134360,Charlotte Indep. 2,Wake FC,,,,,,,,,,,,,,,,,,,,,,,,,,,,,,,,,,,,,1.84,1.49,,,,,,,,,,,,,,,,,,1.86,1.48,,,,,1.65,1.64,,,,,,,,,,,,,,,,,,1.72,1.58,,,1.3,2.83,3.33,,,,,,,,,,,,,,,1.21,2.56,,,,,,,,,,,,,,,,,,,,,,,,,,,,,,,,,,2.36,1.96,3.55,,,,,,,,,,,,,,,,,,,,,,,,,,,,,,,,,,,,,,,1.58,1.72,,,,,,,,,,,,,1.67,1.62,1.0,1.27,1.16,2.07,1.36,2.55,2.22,2.68,,,,,,,,,,,,,,,,,,,,,,,,,,,,,,,,,,,,,,,,,,,,,,,,,,,,,,,,,,1.55,1.75,,,1.72,1.57,2.63,1.2,,,,,,,,,,,2.77,2.39,2.29,,,,,,,,,,,,,1.28,1.24,1.17
2025-05-22,02:00:00,ABD USL Lig 2 (4.Lig),2134359,Brooke House FC,Nona FC,,,,,,,,,,,,,,,,,,,,,,,,,,,,,,,,,,,,,,,1.69,1.6,,,,,,,,,,,,,,,,,,1.29,2.26,2.41,1.25,,,,,,,,,,,,,,,,,,,,1.36,2.08,,,1.5,2.22,3.33,,,,,,,,,,,,,,,1.33,2.16,,,,,,,,,,,,,,,,,,,,,,,,,,,,,,,,,,6.02,1.19,4.82,,,,,,,,,,,,,,,,,,,,,,,,,,,,,,,,,,,,,,,1.76,1.54,,,,,,,,,,,,,1.66,1.63,1.0,1.94,1.0,2.26,1.29,5.01,1.44,3.07,,,,,,,,,,,,,,,,,,,,,,,,,,,,,,,,,,,,,,,,,,,,,,,,,,,,,,,,,,1.7,1.59,,,1.69,1.6,2.82,1.16,,,,,,,,,,,5.42,1.51,2.7,,,,,,,,,,,,,1.17,1.72,1.0
2025-05-22,22:00:00,Hollanda Eredevisie - Avr. Ligi Play-Off,2176894,Twente,NEC Nijmegen,,,,,,,,,,,,,,,,,,,,,,,,,,,,,,,,,,,2.38,1.31,1.2,2.88,1.0,7.81,,,,,,,4.96,1.0,3.57,2.67,1.89,14.9,1.0,2.4,1.31,1.36,2.24,,,5.7,1.0,2.1,1.42,1.28,2.5,,,,,,,2.35,1.15,2.82,2.14,2.78,3.76,1.09,1.2,2.91,2.09,1.43,,,3.41,1.2,3.41,3.05,5.26,12.65,31.5,2.87,3.6,3.58,2.75,1.88,3.48,2.78,1.21,3.85,1.08,1.5,1.94,7.48,2.53,1.71,5.9,13.3,13.7,25.5,72.0,130.0,130.0,130.0,7.22,6.65,12.7,35.5,130.0,130.0,7.08,6.71,12.1,35.0,130.0,10.3,9.77,18.2,50.0,20.0,18.9,35.5,48.5,46.0,130.0,16.8,1.43,4.4,3.89,8.0,1.58,15.25,5.23,14.8,4.43,4.1,1.93,10.2,6.42,5.07,10.8,2.26,3.09,5.68,13.2,5.09,10.85,1.78,4.97,4.88,20.35,3.73,35.0,2.62,2.6,7.17,8.84,4.51,15.15,12.2,1.0,4.22,1.06,,,2.07,1.43,1.36,2.24,1.07,3.99,,,,,,,4.29,1.88,2.9,8.47,1.71,1.67,1.0,1.0,1.6,2.82,1.21,1.77,4.18,2.66,2.07,35.0,14.85,20.55,7.63,16.35,4.29,10.15,6.2,13.2,23.75,70.0,88.0,13.2,22.0,79.0,22.0,39.5,62.0,35.0,53.0,88.0,26.5,53.0,44.0,22.0,88.0,88.0,88.0,44.0,88.0,88.0,31.0,15.85,24.65,79.0,14.1,24.65,25.5,12.3,31.0,53.0,31.0,12.3,88.0,31.0,35.0,62.0,31.0,12.3,70.0,16.7,88.0,23.75,12.3,3.22,1.14,1.43,2.09,1.0,4.79,1.8,1.59,3.61,1.11,3.18,6.78,28.5,3.49,7.37,31.0,7.47,15.9,66.0,10.15,1.89,4.66,2.28,3.36,3.49,6.49,11.8,3.06,6.34,10.1,2.09,23.3,5.07,6.27,3.03,1.28,1.0,1.43
2025-05-23,00:30:00,Profesyonel Lig Kupası,2178380,Academia del Balompi,GV Club Deportivo Sa,,,,,,,,,,,,,,,,,,,,,,,,,,,,,,,,,,,2.4,1.25,,,,,,,,,,,,,,,,,,,,1.36,2.1,,,,,1.63,1.66,,,,,,,,,,,,,,,,,,1.72,1.58,,,2.54,1.47,2.9,,,,,,,,,,,,,,,1.51,1.8,,,,,,,,,,,,,,,,,,,,,,,,,,,,,,,,,,1.68,3.28,3.16,,,,,,,,,,,,,,,,,,,,,,,,,,,,,,,,,,,,,1.71,1.58,,,,,,,,,,,,,,,1.69,1.6,1.06,1.05,1.39,2.87,1.15,2.02,3.36,2.36,,,,,,,,,,,,,,,,,,,,,,,,,,,,,,,,,,,,,,,,,,,,,,,,,,,,,,,,,,1.28,2.29,,,1.8,1.51,3.66,1.06,,,,,,,,,,,2.2,3.8,2.01,,,,,,,,,,,,,1.36,1.06,1.29
2025-05-21,21:00:00,Makedonya Kupası,2149450,Vardar ,Struga Trim,,,,,,,,,,,,,,,,,3.3,1.5,3.52,,,,,,,,,,,,,,,,1.28,2.2,,,,,,,,,,,,,,,,,,,,1.0,4.84,,,2.29,1.23,,,,,,,,,,,,,,,,,,,,1.19,2.46,,,3.74,1.67,2.64,,,,,,,,4.4,1.72,2.29,,,,,3.08,1.1,,,,,,,,,,,,,,,,,,,,,,,,,,,,,,,,,,1.63,5.28,2.38,,,,,,,,,,,,,,,,,,,,,,,,,,,,,,,,,1.5,1.76,,,,,,,,,,,,,,,,,,,1.72,1.54,1.23,1.0,1.63,4.84,1.0,1.94,5.28,1.85,,,,,,,,,,,,,,,,,,,,,,,,,,,,,,,,,,,,,,,,,,,,,,,,,,,,,,,,1.36,1.94,,,,,,,8.36,1.0,,,,,,,,,,,2.86,7.92,1.32,,,,,,,,,,,,,2.11,1.0,1.14
2025-05-22,02:30:00,ABD Açık Kupası,2167376,DC United,Charlotte,,,,,,,,,,,,,,,,,,,,,,,,,,,,,,,,,,,2.97,1.14,1.36,2.07,1.0,4.59,,,,,,,,,3.13,2.32,2.14,7.18,1.0,,,1.5,1.83,,,3.2,1.11,1.43,1.94,1.0,4.15,,,,,,,,,3.06,2.28,2.22,6.42,1.0,,,1.55,1.75,,,6.56,1.0,4.16,2.49,3.47,6.31,11.15,3.27,5.6,9.06,2.78,1.86,3.15,2.27,1.29,4.37,1.0,1.45,1.89,5.87,2.24,1.8,9.2,9.64,8.18,12.0,26.0,77.0,130.0,130.0,7.7,5.24,8.34,18.15,53.0,130.0,10.55,7.85,10.45,25.0,73.0,21.65,16.0,23.3,46.5,60.0,44.0,64.0,130.0,130.0,130.0,27.0,2.15,2.38,3.02,8.75,2.6,9.28,2.92,11.0,3.72,5.17,3.27,5.64,3.66,3.93,9.64,2.97,6.14,3.25,7.06,3.92,9.64,2.49,10.25,2.74,11.7,2.98,35.0,4.0,4.0,4.39,4.49,3.75,11.1,7.96,1.0,3.26,1.1,,,1.72,1.58,1.21,2.56,1.0,4.67,,,,,,,3.39,1.78,3.26,11.85,1.69,1.6,1.08,1.16,1.21,2.75,1.17,2.45,2.64,2.33,3.55,28.5,13.0,27.0,4.01,13.1,5.59,6.05,4.87,9.68,14.1,35.0,88.0,13.2,16.7,53.0,31.0,44.0,88.0,19.35,25.5,62.0,20.25,31.0,53.0,18.5,62.0,79.0,79.0,25.5,88.0,79.0,35.0,18.5,20.25,53.0,22.0,31.0,53.0,16.7,26.5,39.5,35.0,13.2,88.0,24.65,53.0,70.0,70.0,22.9,88.0,22.9,88.0,62.0,17.6,2.63,1.2,1.28,2.29,1.0,5.24,1.81,1.5,3.53,1.07,2.7,4.66,15.15,4.36,7.15,23.3,13.35,21.95,66.0,15.6,2.7,2.94,1.97,4.21,6.25,4.48,7.02,2.61,6.24,15.6,3.01,16.9,3.27,6.19,2.6,1.38,1.14,1.18
2025-05-23,01:00:00,Brezilya Kupası,2134183,Vila Nova,Cruzeiro,,,,,,,,,,,,,,,,,,,,,,,,,,,,,,,,,,,,,1.32,2.17,,,,,,,,,,,3.17,2.38,2.09,,,,,1.46,1.88,,,2.16,1.33,,,,,,,,,,,,,3.57,2.65,1.8,,,,,1.28,2.29,,,1.31,3.27,2.82,,,,,,,,2.9,1.94,2.82,1.76,1.55,6.34,1.0,1.78,1.53,5.46,1.72,2.39,10.1,,,,,,,,,,,,,,,,,,,,,,,,,,,,,,2.95,1.94,2.78,7.71,4.26,5.9,2.61,6.95,4.07,,,,,,,,,,,,,,,,,,,6.86,4.58,4.67,2.94,4.07,6.97,,,2.38,1.26,,,1.38,2.03,1.06,3.72,,,,,,,,,2.38,1.74,4.58,25.5,1.7,1.59,1.1,1.28,1.08,3.58,1.06,3.21,2.33,2.1,,,,,,,,,,,,,,,,,,,,,,,,,,,,,,,,,,,,,,,,,,,,,,,,,,,,,,,,2.16,1.33,,,,,1.91,1.44,4.58,1.0,,,,,,,,,,,3.71,2.61,1.77,4.88,11.6,3.71,6.96,2.11,7.74,30.5,3.89,21.6,2.75,7.67,2.09,1.49,1.2,1.07
2025-05-22,02:00:00,ABD USL Lig 2 (4.Lig),2134348,Staten Island Asc,Cedar Stars FC Usl 2,,,,,,,,,,,,,,,,,,,,,,,,,,,,,,,,,,,,,1.77,1.54,,,,,,,,,,,,,,,,,,1.8,1.51,,,,,1.66,1.63,,,,,,,,,,,,,,,,,,1.73,1.57,,,1.27,3.01,3.36,,,,,,,,,,,,,,,1.22,2.52,,,,,,,,,,,,,,,,,,,,,,,,,,,,,,,,,,2.29,2.06,3.41,,,,,,,,,,,,,,,,,,,,,,,,,,,,,,,,,,,,,,,1.55,1.76,,,,,,,,,,,,,1.68,1.61,1.05,1.23,1.18,2.1,1.36,2.49,2.3,2.63,,,,,,,,,,,,,,,,,,,,,,,,,,,,,,,,,,,,,,,,,,,,,,,,,,,,,,,,,,1.53,1.78,,,1.73,1.57,2.68,1.19,,,,,,,,,,,2.7,2.48,2.26,,,,,,,,,,,,,1.28,1.22,1.18
2025-05-23,03:30:00,Brezilya Kupası,2134172,Bragantino,Criciuma,,,,,,,,,,,,,,,,,,,,,,,,,,,,,,,,,,,1.67,1.62,,,,,,,,,,,,,4.14,3.19,1.51,,,,,1.15,2.87,,,,,1.83,1.5,,,,,,,,,,,2.74,2.17,2.56,,,,,1.91,1.44,,,1.85,2.0,2.65,,,,,,,,2.68,1.94,3.04,2.02,1.38,5.04,1.0,1.88,1.46,7.34,1.88,2.37,5.17,,,,,,,,,,,,,,,,,,,,,,,,,,,,,,1.3,5.81,3.64,,,,,,,2.83,2.09,10.15,11.85,4.17,18.5,,,,,,,,,,,,,3.26,1.92,12.95,9.46,5.29,9.37,,,2.85,1.15,,,1.58,1.72,1.14,2.97,,,,,,,,,2.9,1.74,3.7,16.0,1.66,1.63,1.0,1.0,1.73,3.71,1.06,1.65,5.32,2.36,,,,,,,,,,,,,,,,,,,,,,,,,,,,,,,,,,,,,,,,,,,,,,,,,,,,,,,,,,1.24,2.44,,,1.8,1.51,4.57,1.0,,,,,,,,,,,1.77,6.09,2.06,2.9,3.76,7.58,22.9,2.51,8.34,14.5,1.87,35.0,6.36,8.2,2.47,1.33,1.0,1.48
2025-05-23,01:00:00,Brezilya Kupası,2134177,Maracana CE,Internacional,,,,,,,,,,,,,,,,,,,,,,,,,,,,,,,,,,,,,,,1.48,1.85,,,,,,,,,,,,,,,,2.47,1.23,,,1.42,1.96,,,,,,,,,,,,,,,,,,,,1.07,3.55,,,1.68,2.07,2.93,,,,,,,,,,,,,,,2.13,1.34,,,,,,,,,,,,,,,,,,,,,,,,,,,,,,,,,,11.65,1.06,5.22,,,,,,,,,,,,,,,,,,,,,,,,,,,,,,,,,,,,,1.89,1.45,,,,,,,,,,,,,,,1.65,1.64,1.0,2.25,1.0,4.0,1.0,8.84,1.34,2.81,,,,,,,,,,,,,,,,,,,,,,,,,,,,,,,,,,,,,,,,,,,,,,,,,,,,,,,,,,1.37,2.04,,,1.73,1.57,4.88,1.0,,,,,,,,,,,9.94,1.4,2.49,,,,,,,,,,,,,1.2,1.86,1.0
2025-05-22,03:30:00,Profesyonel Lig Kupası,2178385,Bolivar,Blooming,,,,,,,,,,,,,,,,,,,,,,,,,,,,,,,,,,,2.05,1.37,,,,,,,,,,,,,,,,,,,,1.26,2.36,,,,,,,,,1.43,1.93,,,,,,,,,,,,,,,,1.5,1.82,1.61,2.01,3.34,,,,,,,,,,,,,,,1.43,1.94,,,,,,,,,,,,,,,,,,,,,,,,,,,,,,,,,,1.0,10.5,6.56,,,,,,,,,,,,,,,,,,,,,,,,,,,,,,,,,,,,,,,,,1.43,1.94,,,,,,,,,,,1.65,1.64,1.0,1.0,2.37,2.38,1.26,1.24,7.38,3.63,,,,,,,,,,,,,,,,,,,,,,,,,,,,,,,,,,,,,,,,,,,,,,,,,,,,,,,,,,1.91,1.44,,,1.67,1.62,2.94,1.14,,,,,,,,,,,1.28,7.91,3.2,,,,,,,,,,,,,1.09,1.0,2.09
2025-05-22,20:00:00,İsveç Superettan (2.Lig),2134321,Varbergs,Landskrona,,,,,,,,,,,,,,,,,,,,,,,,,,,,,,,,,,,2.87,1.15,1.33,2.15,1.0,4.86,,,,,,,,,3.17,2.36,2.1,7.4,1.0,,,1.47,1.87,,,3.17,1.11,1.42,1.95,1.0,4.22,,,,,,,,,3.06,2.29,2.21,6.34,1.0,,,1.54,1.76,,,6.56,1.0,4.14,2.44,3.5,6.53,12.0,3.23,5.53,8.98,2.8,1.87,3.1,2.2,1.31,4.56,1.0,1.48,1.85,5.74,2.17,1.85,9.33,9.06,8.03,12.1,27.5,83.0,130.0,130.0,7.37,5.12,8.52,19.15,58.0,130.0,10.2,7.82,10.6,27.0,81.0,21.1,16.1,24.2,50.0,58.0,45.0,68.0,130.0,130.0,130.0,29.5,2.13,2.46,2.96,8.38,2.6,9.11,3.05,10.35,3.71,4.97,3.29,5.61,3.85,3.79,9.9,2.9,6.27,3.27,7.61,3.78,9.9,2.44,10.65,2.77,12.8,2.9,35.0,4.06,3.86,4.62,4.51,3.73,10.45,7.67,1.0,3.15,1.12,,,1.67,1.62,1.19,2.66,1.0,4.89,,,,,,,3.25,1.76,3.36,12.8,1.7,1.59,1.08,1.14,1.21,2.82,1.16,2.43,2.7,2.3,3.5,29.5,12.95,27.0,4.15,13.1,5.51,6.15,4.72,8.8,14.1,35.0,88.0,12.3,16.7,53.0,31.0,44.0,88.0,19.35,25.5,70.0,20.25,31.0,53.0,18.5,62.0,88.0,79.0,26.5,88.0,79.0,35.0,17.6,20.25,53.0,21.1,31.0,53.0,17.6,25.5,39.5,35.0,14.1,88.0,26.5,53.0,70.0,62.0,22.9,88.0,23.75,88.0,62.0,18.5,2.57,1.21,1.27,2.34,1.0,5.4,1.82,1.5,3.63,1.06,2.63,4.69,15.8,4.29,7.27,24.65,13.2,22.45,66.0,16.4,2.68,3.02,1.95,4.14,6.29,4.51,7.4,2.55,6.36,16.05,2.97,17.95,3.34,6.32,2.53,1.39,1.14,1.19
2025-05-23,01:30:00,Brezilya Kupası,2134180,Palmeiras,Ceara,,,,,,,,,,,,,,,,,,,,,,,,,,,,,,,,,,,1.65,1.73,1.0,5.27,1.0,15.6,,,,,,,,,4.44,3.43,1.5,17.6,1.0,,,1.15,3.18,,,5.05,1.0,1.92,1.51,1.21,2.81,,,,,,,,,2.81,2.23,2.65,3.33,1.14,,,2.0,1.47,,,3.22,1.27,3.11,3.07,6.72,23.3,35.0,2.58,3.18,3.3,2.75,2.0,3.14,2.08,1.43,5.71,1.0,2.02,1.45,7.63,1.85,2.46,4.89,8.17,12.45,36.5,130.0,130.0,130.0,130.0,4.59,6.71,19.5,86.0,130.0,130.0,4.84,7.08,20.55,92.0,130.0,7.54,11.1,32.5,130.0,15.65,23.3,69.0,41.0,61.0,130.0,39.5,1.29,6.57,3.92,5.08,1.55,14.0,9.94,9.11,5.51,2.72,2.07,10.65,13.2,4.24,20.35,1.72,3.74,6.95,35.0,4.21,20.2,1.43,7.05,6.32,35.0,3.53,35.0,3.3,1.83,14.4,9.99,5.57,9.24,8.62,1.0,2.96,1.19,,,1.6,1.8,1.15,3.19,1.0,6.35,,,,,,,3.04,1.82,4.01,18.0,1.71,1.68,1.0,1.0,1.79,4.16,1.06,1.65,5.91,2.45,1.84,35.0,18.45,26.0,12.25,21.3,3.73,13.3,5.38,8.27,21.1,88.0,88.0,8.45,23.75,88.0,15.85,53.0,44.0,31.0,79.0,88.0,26.5,79.0,44.0,35.0,88.0,88.0,88.0,88.0,88.0,88.0,44.0,9.68,23.75,88.0,9.68,25.5,18.5,14.95,31.0,79.0,31.0,20.25,88.0,70.0,23.75,62.0,22.0,13.2,70.0,25.5,79.0,25.5,22.0,2.65,1.24,1.26,2.57,1.0,6.64,1.87,1.55,5.21,1.0,2.58,8.33,55.0,2.94,9.68,65.0,6.71,22.45,66.0,13.0,1.77,6.77,2.13,2.83,3.67,7.95,25.5,2.49,8.69,14.85,1.82,35.0,6.73,8.53,2.46,1.33,1.0,1.5
2025-05-23,01:00:00,"Primera Lig, Açılış, Ana Tur B",2157827,Carabobo FC,Dep. Tachira,,,,,,,,,,,,,,,,,,,,,,,,,,,,,,,,,,,2.11,1.35,,,,,,,,,,,,,,,,,,,,1.27,2.33,,,2.43,1.24,,,,,,,,,,,,,,,,,,,,1.36,2.09,,,3.91,1.22,2.87,,,,,,,,,,,,,,,1.91,1.44,,,,,,,,,,,,,,,,,,,,,,,,,,,,,,,,,,2.17,2.74,2.56,,,,,,,,,,,,,,,,,,,,,,,,,,,,,,,,,2.11,1.35,,,,,,,,,,,,,,,,,,,1.72,1.58,1.14,1.11,1.21,3.93,1.0,2.59,3.08,1.98,,,,,,,,,,,,,,,,,,,,,,,,,,,,,,,,,,,,,,,,,,,,,,,,,,,,,,,,1.99,1.4,,,,,1.96,1.42,5.03,1.0,,,,,,,,,,,2.93,3.56,1.68,,,,,,,,,,,,,1.56,1.08,1.14
2025-05-28,22:00:00,UEFA Avrupa Konferans Ligi,2142779,Real Betis,Chelsea,,,,,,,,,,,,,,,,,,,,,,,,,,,,,,,,,,,4.07,1.06,1.65,1.74,1.11,3.56,,,,,,,2.24,1.18,2.95,2.3,2.46,4.67,1.0,1.29,2.45,1.77,1.63,,,2.08,1.43,1.11,3.54,1.0,10.25,,,,,,,4.44,1.0,3.84,2.86,1.75,15.2,1.0,2.38,1.31,1.27,2.54,,,7.1,1.0,3.74,2.53,2.74,3.91,4.99,4.79,12.5,35.0,2.85,1.98,3.05,2.07,1.43,5.77,1.0,1.73,1.65,5.99,1.93,2.17,7.25,7.61,5.36,6.41,11.4,27.0,81.0,130.0,9.64,5.31,7.06,12.55,30.0,88.0,21.0,12.75,13.75,27.5,66.0,69.0,42.0,50.0,81.0,130.0,130.0,130.0,130.0,130.0,130.0,40.5,4.21,1.59,3.17,10.95,5.73,6.04,1.92,8.62,4.18,7.64,7.48,3.39,2.53,3.63,13.4,4.77,18.25,2.09,4.75,3.61,13.3,4.24,31.0,1.75,8.72,2.94,35.0,8.47,6.85,3.53,2.46,4.22,8.69,8.13,1.0,2.96,1.19,,,1.58,1.81,1.15,3.2,1.0,6.44,,,,,,,2.91,1.77,3.85,17.05,1.75,1.64,1.06,1.47,1.0,3.55,1.11,4.1,1.98,2.31,7.5,26.0,15.6,35.0,2.38,14.1,9.11,4.32,4.59,7.74,9.68,20.25,62.0,15.85,17.6,44.0,62.0,79.0,88.0,12.3,13.2,26.5,19.35,25.5,70.0,16.7,31.0,35.0,62.0,17.6,88.0,39.5,44.0,23.75,22.0,44.0,44.0,53.0,88.0,26.5,25.5,31.0,53.0,17.6,79.0,24.65,88.0,88.0,88.0,62.0,88.0,44.0,88.0,88.0,22.0,2.55,1.27,1.25,2.62,1.0,6.77,1.89,1.53,4.57,1.0,2.49,3.39,8.89,6.26,8.32,22.0,31.0,41.5,66.0,16.4,4.73,2.13,2.0,5.99,14.45,3.26,4.66,2.41,7.4,32.0,4.85,15.25,2.23,7.31,2.39,1.39,1.34,1.0
2025-05-22,21:30:00,İsviçre Süper Lig Düşme Turu,2148052,Yverdon,Zürih,,,,,,,,,,,,,,,,,,,,,,,,,,,,,,,,,,,3.04,1.17,1.37,2.21,1.0,5.27,,,,,,,,,3.28,2.41,2.16,10.4,1.0,,,1.51,1.92,,,4.55,1.0,1.78,1.62,1.15,3.15,,,,,,,,,2.96,2.2,2.57,5.38,1.0,,,1.84,1.57,,,4.75,1.06,3.85,2.74,4.04,7.87,14.85,3.08,4.49,5.58,2.81,1.86,3.48,2.78,1.21,3.89,1.08,1.4,2.14,6.69,2.59,1.61,7.9,12.95,11.05,16.65,37.5,115.0,130.0,130.0,8.3,5.99,9.5,21.25,64.0,130.0,9.33,7.13,10.1,23.75,72.0,15.6,11.9,17.9,38.5,35.0,26.5,40.0,97.0,75.0,130.0,17.05,1.8,2.98,3.45,9.33,2.0,12.5,3.41,14.6,3.88,5.08,2.42,7.67,4.15,4.72,8.89,2.75,4.03,4.15,7.69,4.73,8.89,2.2,6.39,3.47,11.9,3.38,35.0,3.04,3.53,4.78,6.17,3.92,14.85,11.9,1.0,4.21,1.06,,,2.06,1.43,1.36,2.24,1.07,4.02,,,,,,,4.46,1.94,3.03,8.98,1.72,1.66,1.05,1.08,1.35,2.6,1.25,2.12,3.12,2.57,2.74,31.0,13.2,21.9,4.95,13.8,4.98,7.34,5.67,13.2,18.5,44.0,88.0,14.95,19.35,53.0,26.5,44.0,79.0,26.5,35.0,88.0,23.75,35.0,44.0,17.6,88.0,88.0,88.0,26.5,88.0,88.0,26.5,19.35,22.9,62.0,19.35,26.5,39.5,14.1,31.0,44.0,31.0,11.45,88.0,23.75,53.0,62.0,44.0,15.85,79.0,17.6,88.0,35.0,13.2,3.12,1.16,1.41,2.11,1.0,4.87,1.82,1.58,3.38,1.13,3.08,5.44,18.35,4.04,6.82,22.9,10.05,17.05,58.0,11.8,2.31,3.47,2.17,3.89,4.51,5.23,7.76,2.97,5.84,11.35,2.58,16.55,3.85,5.8,2.96,1.32,1.1,1.28
2025-05-22,03:30:00,Venezuela Primera Lig Açılış Ana Tur,2157825,Academia Anzoategui ,Portuguesa,,,,,,,,,,,,,,,,,,,,,,,,,,,,,,,,,,,1.53,1.78,,,,,,,,,,,,,,,,,,,,1.1,3.25,,,,,1.27,2.35,,,,,,,,,,,,,,,,,,1.43,1.95,,,2.94,1.48,2.49,,,,,,,,,,,,,,,2.43,1.24,,,,,,,,,,,,,,,,,,,,,,,,,,,,,,,,,,1.67,4.35,2.59,,,,,,,,,,,,,,,,,,,,,,,,,,,,,,,,,1.8,1.52,,,,,,,,,,,,,,,,,,,1.72,1.58,1.12,1.0,1.39,5.11,1.0,2.16,4.6,1.87,,,,,,,,,,,,,,,,,,,,,,,,,,,,,,,,,,,,,,,,,,,,,,,,,,,,,,,,1.81,1.5,,,,,2.03,1.38,6.3,1.0,,,,,,,,,,,2.41,5.5,1.61,,,,,,,,,,,,,1.6,1.0,1.22
2025-05-21,21:00:00,Suudi Profesyonel Ligi,2132504,Al Wehda,Al Hilal,,,,,,,1.0,1.0,12.3,2.46,3.3,5.72,8.8,13.2,14.1,11.45,1.14,3.74,11.45,,,,,,,,,,,,,,,,,,2.29,1.32,1.36,2.2,,,,,,,,,,,,,,,,1.54,1.76,,,1.5,1.85,1.0,5.72,,,,,,,,,,,,,,,,,,1.0,5.28,,,1.19,6.16,5.28,,,,,,,,6.16,1.28,3.96,,,,,2.11,1.36,,,,,,,,,,,,,,,,,,,,,,,,,,,,,,,,,,8.8,1.14,4.4,,,,,,,,,,,,,,,,,,,,,,,,,,,,,,,,,3.3,1.1,,,1.72,1.58,1.19,2.64,,,,,,,,,,,,,1.67,1.67,1.0,2.86,1.0,2.86,1.14,7.92,1.28,3.3,,,,,,,,,,,,,,,,,,,,,,,,,,,,,,,,,,,,,,,,,,,,,,,,,,,,,,,,1.76,1.54,1.0,4.18,1.0,10.55,,,8.8,1.0,,,,,,,,,,,9.68,2.02,1.67,,,,,,,,,,,,,1.67,1.41,1.0
2025-05-22,21:30:00,İsviçre Süper Lig Düşme Turu,2148054,Grasshoppers,St. Gallen,,,,,,,,,,,,,,,,,,,,,,,,,,,,,,,,,,,2.98,1.18,1.36,2.25,1.0,5.46,,,,,,,,,3.31,2.43,2.14,11.45,1.0,,,1.5,1.94,,,5.12,1.0,1.93,1.5,1.21,2.8,,,,,,,,,2.88,2.16,2.68,4.77,1.0,,,1.95,1.5,,,4.2,1.09,3.75,2.78,4.38,8.84,17.35,3.06,4.21,4.73,2.78,1.86,3.51,2.95,1.19,3.62,1.11,1.37,2.2,6.91,2.75,1.57,7.34,14.1,12.65,19.45,45.0,130.0,130.0,130.0,8.67,6.2,10.3,23.3,72.0,130.0,9.06,7.06,9.86,24.65,76.0,14.1,10.95,16.75,35.0,29.0,22.45,35.0,76.0,59.0,130.0,14.7,1.68,3.31,3.51,9.72,1.84,14.25,3.74,15.85,3.87,5.1,2.19,8.84,4.51,4.94,8.53,2.71,3.51,4.69,8.27,4.95,8.57,2.12,5.46,3.9,12.55,3.47,34.5,2.79,3.37,5.12,7.15,3.92,16.1,,,4.53,1.0,,,2.16,1.39,1.42,2.11,1.1,3.7,1.0,6.94,,,,,4.85,1.98,2.9,7.93,1.73,1.65,1.05,1.06,1.41,2.53,1.28,2.0,3.33,2.62,2.5,32.5,13.0,20.95,5.53,13.85,4.87,8.16,5.87,14.1,22.0,53.0,88.0,15.85,20.25,62.0,26.5,44.0,79.0,31.0,39.5,88.0,25.5,39.5,44.0,17.6,88.0,88.0,88.0,31.0,88.0,88.0,26.5,19.35,22.9,62.0,18.5,25.5,35.0,12.3,31.0,44.0,31.0,10.55,88.0,23.75,44.0,62.0,44.0,14.1,70.0,15.85,88.0,31.0,11.45,3.29,1.14,1.45,2.02,1.0,4.56,1.81,1.59,3.26,1.14,3.25,5.83,20.05,3.93,6.78,23.3,9.02,15.65,55.0,10.5,2.15,3.7,2.24,3.78,4.0,5.6,8.21,3.13,5.76,10.15,2.43,16.75,4.14,5.72,3.12,1.3,1.08,1.33
2025-05-22,03:30:00,Brezilya Kupası,2134173,Flamengo,Botafogo PB,,,,,,,,,,,,,,,,,,,,,,,,,,,,,,,,,,,1.47,1.87,,,,,,,,,,,,,,,,,,,,1.09,3.38,,,,,,,2.05,1.37,,,,,,,,,,,,,,,,,,1.43,1.93,1.51,2.27,3.12,,,,,,,,,,,,,,,1.95,1.42,,,,,,,,,,,,,,,,,,,,,,,,,,,,,,,,,,1.0,16.55,7.6,,,,,,,,,,,,,,,,,,,,,,,,,,,,,,,,,,,,,,,1.66,1.63,,,,,,,,,,,,,1.65,1.65,1.0,1.0,2.58,3.43,1.08,1.18,11.45,3.59,,,,,,,,,,,,,,,,,,,,,,,,,,,,,,,,,,,,,,,,,,,,,,,,,,,,,,,,,,1.66,1.63,,,1.69,1.6,4.23,1.0,,,,,,,,,,,1.23,12.1,3.12,,,,,,,,,,,,,1.09,1.0,2.24
2025-05-23,05:00:00,Peru Primera Ligi,2173504,U. Deportes,S. Cristal,,,,,,,,,,,,,,,,,,,,,,,,,,,,,,,,,,,2.17,1.32,,,,,,,,,,,,,,,,,,,,1.29,2.27,,,,,1.61,1.68,,,,,,,,,,,,,,,,,,1.72,1.58,,,2.44,1.52,2.84,,,,,,,,,,,,,,,1.59,1.7,,,,,,,,,,,,,,,,,,,,,,,,,,,,,,,,,,1.62,3.71,3.04,,,,,,,,,,,,,,,,,,,,,,,,,,,,,,,,,,,,,1.61,1.68,,,,,,,,,,,,,,,1.71,1.58,1.07,1.0,1.43,3.09,1.12,1.97,3.67,2.29,,,,,,,,,,,,,,,,,,,,,,,,,,,,,,,,,,,,,,,,,,,,,,,,,,,,,,,,,,1.25,2.4,,,1.82,1.5,3.93,1.0,,,,,,,,,,,2.13,4.2,1.97,,,,,,,,,,,,,1.38,1.05,1.32
2025-05-21,21:00:00,İtalya Serie C - Yükselme Turu,2175454,Vicenza,Crotone,,,,,,,,,,,,,,,,,,,,2.38,1.54,5.28,,,,,,,,,,,,,1.76,1.45,,,,,,,,,,,,,,,,,,,,1.0,3.52,,,,,,,1.28,2.2,,,,,,,,,,,,,,,,,,1.23,2.55,3.74,1.54,3.08,,,,,,,,1.94,2.86,2.86,,,,,1.45,1.76,,,,,,,,,,,,,,,,,,,,,,,,,,,,,,,,,,1.1,9.68,4.4,,,,,,,,,,,,,,,,,,,,,,,,,,,,,,,,,,,,,2.02,1.36,,,,,,,,,,,,,,,1.58,1.63,,,,3.3,1.06,2.02,3.52,2.2,,,,,,,,,,,,,,,,,,,,,,,,,,,,,,,,,,,,,,,,,,,,,,,,,,,,,,,,,,1.41,1.76,,,,,3.52,1.0,,,,,,,,,,,1.0,17.6,5.28,,,,,,,,,,,,,,,
2025-05-22,01:00:00,Brezilya Kupası,2134185,Fortaleza,Retro FC Brasil,,,,,,,,,,,,,,,,,,,,,,,,,,,,,,,,,,,1.42,1.96,,,,,,,,,,,,,,,,,,,,1.07,3.54,,,,,,,1.36,2.09,,,,,,,,,,,,,,,,2.25,1.29,,,2.36,1.53,2.91,,,,,,,,,,,,,,,2.18,1.32,,,,,,,,,,,,,,,,,,,,,,,,,,,,,,,,,,1.11,9.99,4.71,,,,,,,,,,,,,,,,,,,,,,,,,,,,,,,,,,,,,1.71,1.58,,,,,,,,,,,,,,,1.65,1.64,1.0,1.0,2.13,4.2,1.0,1.41,8.09,2.61,,,,,,,,,,,,,,,,,,,,,,,,,,,,,,,,,,,,,,,,,,,,,,,,,,,,,,,,,,1.3,2.24,,,1.76,1.54,5.07,1.0,,,,,,,,,,,1.49,9.15,2.31,,,,,,,,,,,,,1.24,1.0,1.73
2025-05-22,20:00:00,İsveç Superettan (2.Lig),2134324,Kalmar,Umea,,,,,,,,,,,,,,,,,,,,,,,,,,,,,,,,,,,1.51,1.8,1.0,5.37,1.0,11.45,,,,,,,,,4.51,3.52,1.41,,,,,1.11,3.22,,,,,2.8,1.16,1.56,1.75,1.13,3.04,,,,,,,2.55,2.02,3.04,2.13,1.34,,,,,1.24,2.43,3.41,1.18,3.58,4.51,11.4,35.0,35.0,2.97,2.88,1.95,2.54,1.88,3.41,2.73,1.18,3.44,1.08,1.94,1.43,11.6,2.41,2.22,3.02,14.6,24.65,80.0,130.0,130.0,130.0,130.0,6.08,10.1,31.5,130.0,130.0,130.0,4.83,7.74,25.5,120.0,130.0,5.65,9.06,29.0,130.0,8.73,14.1,46.0,16.9,27.5,39.5,15.25,1.06,10.7,5.47,6.33,1.19,25.5,16.0,15.2,7.28,3.01,1.46,20.7,20.7,6.64,23.75,1.75,2.22,12.85,35.0,6.71,24.2,1.35,3.64,11.6,35.0,5.36,35.0,2.58,1.58,22.0,19.8,7.69,16.15,9.68,1.0,4.07,1.0,,,2.08,1.36,1.36,2.08,1.07,3.54,,,,,,,4.39,1.87,2.78,7.72,1.65,1.65,1.0,1.0,2.26,3.58,1.06,1.33,8.26,2.93,1.42,35.0,24.65,24.2,21.7,29.5,3.72,23.75,8.38,14.95,44.0,88.0,88.0,11.45,35.0,88.0,16.7,53.0,35.0,62.0,88.0,88.0,44.0,88.0,53.0,35.0,88.0,88.0,88.0,88.0,88.0,88.0,31.0,12.3,35.0,88.0,9.68,26.5,14.1,9.68,53.0,88.0,35.0,16.7,88.0,79.0,22.9,62.0,16.7,7.74,79.0,18.5,53.0,12.3,11.45,3.27,1.1,1.43,1.93,1.0,4.14,1.72,1.58,4.38,1.0,3.44,12.05,66.0,2.85,10.4,66.0,4.84,17.85,66.0,6.81,1.39,9.11,2.58,2.74,2.43,11.4,35.0,3.29,9.11,10.3,1.5,35.0,9.68,8.84,3.21,1.18,1.0,1.87
2025-05-21,20:00:00,İsveç Superettan (2.Lig),2134318,Utsiktens,Orebro,,,,,,,,,,,,,,,,,,,,,,,,,,,,,,,,3.52,2.55,1.76,,,,,,,,,1.14,2.64,1.0,7.04,,,,,,,,,,,,,,,,,,,,,,1.28,2.11,1.0,6.16,,,,,,,,,,,,,,17.6,1.0,8.36,,,,,,,,,,,,,,,,,,,,,,,,,,,,,,,,,,,,,,,,,,,,,,,,,,2.86,4.18,1.54,,,,,,,,,,,,,,,,,,,,,,,,,,,,,,,,,,,1.0,6.6,,,,,,,,,1.72,1.5,1.0,3.74,,,,,1.94,1.36,1.72,1.0,1.14,,,,,,,,,,,,,,,,,,,,,,,,,,,,,,,,,,,,,,,,,,,,,,,,,,,,,,,,,,,,,,,,,,,,,,,,,,,,,,,,,,,,,,,,,,,,,,,,,,
2025-05-22,01:30:00,Brezilya Kupası,2134176,Bahia,Paysandu SC PA,,,,,,,,,,,,,,,,,,,,,,,,,,,,,,,,,,,1.57,1.73,,,,,,,,,,,,,4.37,3.39,1.44,,,,,1.12,3.1,,,,,2.05,1.37,,,,,,,,,,,2.64,2.15,2.69,,,,,2.09,1.36,,,1.62,2.3,2.71,,,,,,,,2.62,1.96,3.09,2.15,1.34,4.64,1.0,1.96,1.42,8.22,1.95,2.42,4.21,,,,,,,,,,,,,,,,,,,,,,,,,,,,,,1.21,7.45,4.0,,,,,,,2.75,1.87,13.0,15.55,4.59,20.8,,,,,,,,,,,,,3.1,1.74,16.7,12.25,5.88,10.2,,,3.06,1.13,,,1.65,1.64,1.18,2.74,,,,,,,,,3.15,1.76,3.45,13.55,1.66,1.62,1.0,1.0,1.9,3.81,1.05,1.53,6.32,2.46,,,,,,,,,,,,,,,,,,,,,,,,,,,,,,,,,,,,,,,,,,,,,,,,,,,,,,,,,,1.28,2.3,,,1.78,1.53,4.67,1.0,,,,,,,,,,,1.61,7.23,2.19,2.76,3.23,8.84,28.5,2.68,8.84,13.45,1.71,35.0,7.53,8.67,2.63,1.28,1.0,1.6
2025-05-22,01:30:00,Paraguay Primera Ligi,2172735,Olimpia,Libertad,,,,,,,,,,,,,,,,,,,,,,,,,,,,,,,,,,,2.33,1.27,,,,,,,,,,,,,,,,,,,,1.33,2.16,,,2.4,1.25,,,,,,,,,,,,,,,,,,,,1.35,2.1,,,4.17,1.19,2.97,,,,,,,,,,,,,,,1.82,1.5,,,,,,,,,,,,,,,,,,,,,,,,,,,,,,,,,,2.31,2.44,2.68,,,,,,,,,,,,,,,,,,,,,,,,,,,,,,,,,,,,,1.33,2.16,,,,,,,,,,,,,,,1.7,1.59,1.12,1.15,1.17,3.72,1.06,2.7,2.8,2.05,,,,,,,,,,,,,,,,,,,,,,,,,,,,,,,,,,,,,,,,,,,,,,,,,,,,,,,,2.06,1.37,,,,,1.94,1.43,4.77,1.0,,,,,,,,,,,3.09,3.22,1.72,,,,,,,,,,,,,1.52,1.11,1.13
2025-05-22,01:00:00,ABD USL Lig 2 (4.Lig),2134355,North Carolina FC U2,Salem City FC,,,,,,,,,,,,,,,,,,,,,,,,,,,,,,,,,,,,,1.78,1.53,,,,,,,,,,,,,,,,,,1.81,1.5,,,,,1.42,1.95,,,,,,,,,,,,,,,,,,1.54,1.77,,,1.39,2.63,3.12,,,,,,,,,,,,,,,1.31,2.21,,,,,,,,,,,,,,,,,,,,,,,,,,,,,,,,,,2.73,1.8,3.42,,,,,,,,,,,,,,,,,,,,,,,,,,,,,,,,,,,,,,,1.4,1.99,,,,,,,,,,,,,1.67,1.62,1.05,1.33,1.1,2.33,1.27,2.89,2.09,2.56,,,,,,,,,,,,,,,,,,,,,,,,,,,,,,,,,,,,,,,,,,,,,,,,,,,,,,,,,,1.43,1.94,,,1.75,1.55,2.98,1.14,,,,,,,,,,,3.18,2.27,2.17,,,,,,,,,,,,,1.3,1.28,1.12
2025-05-23,05:00:00,ABD USL Lig 2 (4.Lig),2135733,Utah United,Albion SC Colorado,,,,,,,,,,,,,,,,,,,,,,,,,,,,,,,,,,,,,1.39,2.01,,,,,,,,,,,,,,,,,,1.51,1.8,,,,,1.69,1.6,,,,,,,,,,,,,,,,,,1.75,1.55,,,2.73,1.37,3.07,,,,,,,,,,,,,,,1.36,2.09,,,,,,,,,,,,,,,,,,,,,,,,,,,,,,,,,,1.82,2.65,3.45,,,,,,,,,,,,,,,,,,,,,,,,,,,,,,,,,,,,,2.02,1.38,,,,,,,,,,,,,,,1.65,1.64,1.05,1.12,1.32,2.45,1.24,2.13,2.85,2.53,,,,,,,,,,,,,,,,,,,,,,,,,,,,,,,,,,,,,,,,,,,,,,,,,,,,,,,,,,1.39,2.02,,,1.77,1.54,3.12,1.12,,,,,,,,,,,2.34,3.16,2.11,,,,,,,,,,,,,1.33,1.12,1.26
2025-05-22,21:30:00,U17 Avrupa Şampiyonası A Grubu,2134261,Fransa U17,Portekiz U17,,,,,,,,,,,,,,,,,,,,,,,,,,,,,,,,,,,,,,,,,,,,,,,,,,,,,,,,,,,,,,,,,,,,,,,,,,,,,,,,,,,,,,,,,,,,,,,,,,,,,,,,,,,,,,,,,,,,,,,,,,,,,,,,,,,,,,,,,1.84,2.81,3.17,,,,,,,,,,,,,,,,,,,,,,,,,,,,,,,,,,,,,,,,,,,,,,,,,,,,,,,1.06,1.09,1.31,,,,,,,,,,,,,,,,,,,,,,,,,,,,,,,,,,,,,,,,,,,,,,,,,,,,,,,,,,,,,,,,,,,,,,,,,,,,,,,,,,,,,,,,,,,,,,,,,,
2025-05-22,18:00:00,Yunanistan Süper Ligi Düşme Grubu,2134249,Panaitolikos,Panserraikos,,,,,,,,,,,,,,,,,,,,,,,,,,,,,,,,,,,1.94,1.43,,,,,,,,,,,,,,,,,,,,1.23,2.48,,,,,1.72,1.58,,,,,,,,,,,,,,,,,,1.8,1.5,,,2.14,1.7,2.75,,,,,,,,,,,,,,,1.69,1.61,,,,,,,,,,,,,,,,,,,,,,,,,,,,,,,,,,1.46,4.49,3.26,,,,,,,,,,,,,,,,,,,,,,,,,,,,,,,,,,,,,1.6,1.69,,,,,,,,,,,,,,,1.69,1.6,1.05,1.0,1.55,3.29,1.1,1.82,4.26,2.31,,,,,,,,,,,,,,,,,,,,,,,,,,,,,,,,,,,,,,,,,,,,,,,,,,,,,,,,,,1.25,2.4,,,1.81,1.5,4.14,1.0,,,,,,,,,,,1.94,4.88,2.02,,,,,,,,,,,,,1.36,1.0,1.39
2025-05-21,20:00:00,İsveç Superettan (2.Lig),2134320,Vasteraas,Östersunds,,,,,,,,,,,,,,,,,,,,5.28,2.11,1.76,,,,,,,,,,,,,1.0,3.74,,,,,,,,,,,,,,,,,,,,,,,,,,1.36,1.94,1.0,4.84,,,,,,,,,,,,,,,,,,,,17.6,1.0,6.6,,,,,,,,,,,,,,,3.74,1.0,,,,,,,,,,,,,,,,,,,,,,,,,,,,,,,,,,1.0,17.6,5.72,,,,,,,,,,,,,,,,,,,,,,,,,,,,,,,,,1.76,1.45,,,1.0,3.52,1.0,7.48,,,,,,,,,,,,,1.36,1.94,,,,,,,,,,,,,,,,,,,,,,,,,,,,,,,,,,,,,,,,,,,,,,,,,,,,,,,,,,,,,,,,,,,,,,,,,,,,,,,,,,,,,,,,,,,,,,,,,,,,,
2025-05-21,21:00:00,İtalya Serie C - Yükselme Turu,2175455,Ternana,Giana Erminio,,,,,,,,,,,,,,,,,2.64,1.41,5.28,,,,,,,,,,,,,,,,1.63,1.63,,,,,,,,,,,,,,,,,,,,1.0,3.96,,,,,1.41,2.11,,,,,,,,,,,,,,,,,,1.19,2.46,,,3.08,1.76,3.08,,,,,,,,5.72,1.41,2.86,,,,,2.02,1.28,,,,,,,,,,,,,,,,,,,,,,,,,,,,,,,,,,1.54,4.18,2.86,,,,,,,,,,,,,,,,,,,,,,,,,,,,,,,,,1.94,1.41,,,,,,,,,,,,,,,,,,,1.67,1.58,1.14,1.0,1.72,3.08,1.1,1.76,4.18,2.2,,,,,,,,,,,,,,,,,,,,,,,,,,,,,,,,,,,,,,,,,,,,,,,,,,,,,,,,1.41,1.85,,,,,,,7.92,1.0,,,,,,,,,,,3.08,6.16,1.32,,,,,,,,,,,,,2.02,1.0,1.1
2025-05-22,02:00:00,ABD USL Lig 2 (4.Lig),2134366,Tobacco Road,United Bant,,,,,,,,,,,,,,,,,,,,,,,,,,,,,,,,,,,,,,,1.35,2.11,,,,,,,,,,,,,,,,2.16,1.33,,,,,1.42,1.97,,,,,,,,,,,,,,,,,,1.53,1.77,,,1.63,2.05,3.14,,,,,,,,,,,,,,,1.24,2.44,,,,,,,,,,,,,,,,,,,,,,,,,,,,,,,,,,3.41,1.5,3.85,,,,,,,,,,,,,,,,,,,,,,,,,,,,,,,,,,,,,,,1.62,1.67,,,,,,,,,,,,,1.66,1.63,1.0,1.5,1.0,2.11,1.35,3.35,1.8,2.77,,,,,,,,,,,,,,,,,,,,,,,,,,,,,,,,,,,,,,,,,,,,,,,,,,,,,,,,,,1.58,1.71,,,1.72,1.58,2.68,1.19,,,,,,,,,,,3.65,1.92,2.38,,,,,,,,,,,,,1.24,1.41,1.07
2025-05-23,03:30:00,Brezilya Kupası,2134181,CRB,Santos,,,,,,,,,,,,,,,,,,,,,,,,,,,,,,,,,,,,,1.29,2.25,,,,,,,,,,,3.23,2.4,2.04,,,,,1.43,1.93,,,2.2,1.31,,,,,,,,,,,,,3.55,2.61,1.81,,,,,1.29,2.26,,,1.28,3.45,2.83,,,,,,,,2.9,1.93,2.84,1.74,1.56,6.47,1.0,1.79,1.52,5.52,1.69,2.41,10.4,,,,,,,,,,,,,,,,,,,,,,,,,,,,,,2.78,2.01,2.81,7.3,4.02,5.9,2.74,6.93,4.14,,,,,,,,,,,,,,,,,,,6.57,4.29,4.87,3.03,4.14,6.93,,,2.34,1.27,,,1.37,2.06,1.05,3.81,,,,,,,,,2.35,1.74,4.69,27.0,1.68,1.61,1.1,1.25,1.1,3.61,1.06,3.1,2.39,2.1,,,,,,,,,,,,,,,,,,,,,,,,,,,,,,,,,,,,,,,,,,,,,,,,,,,,,,,,2.13,1.34,,,,,1.92,1.44,4.62,1.0,,,,,,,,,,,3.58,2.72,1.76,4.73,11.15,3.81,7.44,2.09,7.8,29.5,3.75,22.9,2.86,7.73,2.07,1.5,1.18,1.08
2025-05-22,02:00:00,ABD USL Lig 2 (4.Lig),2134347,Rough Riders,Manhattan,,,,,,,,,,,,,,,,,,,,,,,,,,,,,,,,,,,,,1.35,2.12,,,,,,,,,,,,,,,,,,1.48,1.86,,,,,,,1.33,2.16,,,,,,,,,,,,,,,,2.16,1.33,,,2.02,1.63,3.19,,,,,,,,,,,,,,,1.27,2.34,,,,,,,,,,,,,,,,,,,,,,,,,,,,,,,,,,1.5,3.84,3.43,,,,,,,,,,,,,,,,,,,,,,,,,,,,,,,,,,,,,,,1.56,1.74,,,,,,,,,,,,,1.72,1.58,1.0,1.0,1.5,2.2,1.31,1.8,3.53,2.67,,,,,,,,,,,,,,,,,,,,,,,,,,,,,,,,,,,,,,,,,,,,,,,,,,,,,,,,,,1.55,1.75,,,1.72,1.58,2.81,1.16,,,,,,,,,,,1.87,3.9,2.37,,,,,,,,,,,,,1.25,1.06,1.43
2025-05-22,01:30:00,Paraguay Primera Ligi,2172736,Sportivo Ameliano,Cerro Porteno,,,,,,,,,,,,,,,,,,,,,,,,,,,,,,,,,,,,,1.52,1.79,,,,,,,,,,,,,,,,,,1.65,1.65,,,1.8,1.51,,,,,,,,,,,,,,,,,,,,1.19,2.68,,,1.62,2.37,2.62,,,,,,,,,,,,,,,1.88,1.46,,,,,,,,,,,,,,,,,,,,,,,,,,,,,,,,,,4.24,1.52,3.1,,,,,,,,,,,,,,,,,,,,,,,,,,,,,,,,,,,,,1.42,1.96,,,,,,,,,,,,,,,1.67,1.62,1.06,1.5,1.0,3.8,1.05,4.27,1.92,2.17,,,,,,,,,,,,,,,,,,,,,,,,,,,,,,,,,,,,,,,,,,,,,,,,,,,,,,,,2.24,1.29,,,,,1.87,1.47,4.75,1.0,,,,,,,,,,,4.95,2.1,1.86,,,,,,,,,,,,,1.43,1.32,1.0
2025-05-22,19:00:00,U17 Avrupa Şampiyonası A Grubu,2134260,Arnavutluk U17,Almanya U17,,,,,,,,,,,,,,,,,,,,,,,,,,,,,,,,,,,,,,,,,,,,,,,,,,,,,,,,,,,,,,,,,,,,,,,,,,,,,,,,,,,,,,,,,,,,,,,,,,,,,,,,,,,,,,,,,,,,,,,,,,,,,,,,,,,,,,,,,16.3,1.0,8.26,,,,,,,,,,,,,,,,,,,,,,,,,,,,,,,,,,,,,,,,,,,,,,,,,,,,,,,1.0,2.62,1.0,,,,,,,,,,,,,,,,,,,,,,,,,,,,,,,,,,,,,,,,,,,,,,,,,,,,,,,,,,,,,,,,,,,,,,,,,,,,,,,,,,,,,,,,,,,,,,,,,,
2025-05-21,20:00:00,"Mısır Lig Kupası, Eleme Turu",2178389,Haras Hodood,ENPPI,,,,,,,,,,,,,,,,,,,,2.64,4.4,1.5,,,,,,,,,,,,,1.23,2.38,1.0,7.04,,,,,,,,,,,,,,,,,,,,,,,,1.06,3.3,,,,,,,,,,,,,,,,,,,,,,17.6,1.0,4.84,,,,,,,,,,,,,,,2.38,1.23,,,,,,,,,,,,,,,,,,,,,,,,,,,,,,,,,,1.14,14.1,3.52,,,,,,,,,,,,,,,,,,,,,,,,,,,,,,,,,1.5,1.72,,,1.0,4.84,1.0,8.36,,,,,,,,,,,,,1.28,2.2,,,,,,,,,,,,,,,,,,,,,,,,,,,,,,,,,,,,,,,,,,,,,,,,,,,,,,,,,,,,,,,,,,,,,,,,,,,,,,,,,,,,,,,,,,,,,,,,,,,,,
2025-05-22,21:30:00,İsviçre Süper Lig Düşme Turu,2148053,Winterthur,Sion,,,,,,,,,,,,,,,,,,,,,,,,,,,,,,,,,,,2.61,1.25,1.26,2.6,1.0,6.75,,,,,,,,,3.46,2.55,2.0,12.4,1.0,,,1.41,2.12,,,4.56,1.0,1.78,1.61,1.16,3.14,,,,,,,,,2.93,2.21,2.58,4.87,1.0,,,1.85,1.56,,,4.42,1.08,3.68,2.7,4.38,9.5,21.15,2.93,4.14,5.0,2.82,1.89,3.35,2.53,1.27,4.34,1.05,1.49,1.95,6.46,2.36,1.75,7.43,11.0,10.8,18.65,48.5,130.0,130.0,130.0,7.09,5.76,10.55,27.5,92.0,130.0,7.93,6.93,11.0,30.5,105.0,13.2,11.5,19.8,47.5,29.5,25.5,44.0,82.0,71.0,130.0,21.65,1.66,3.48,3.4,7.96,1.89,12.25,4.17,12.45,3.98,4.33,2.34,7.91,5.18,4.36,10.05,2.44,4.0,4.48,10.45,4.36,10.05,1.97,6.62,3.84,16.7,3.26,35.0,3.05,3.0,5.9,6.68,4.03,12.65,10.75,1.0,3.78,1.09,,,1.89,1.53,1.28,2.47,1.0,4.58,,,,,,,3.97,1.88,3.25,10.85,1.73,1.65,1.05,1.05,1.42,2.85,1.21,2.02,3.5,2.5,2.51,35.0,13.45,22.45,5.94,14.5,4.64,8.14,5.37,11.45,18.5,53.0,88.0,12.3,18.5,62.0,24.65,44.0,70.0,26.5,39.5,88.0,23.75,39.5,44.0,20.25,88.0,88.0,88.0,35.0,88.0,88.0,31.0,15.85,22.0,62.0,15.85,25.5,31.0,14.1,31.0,44.0,31.0,12.3,88.0,31.0,39.5,62.0,39.5,14.95,70.0,18.5,88.0,35.0,14.95,2.95,1.19,1.36,2.24,1.0,5.35,1.84,1.57,3.7,1.1,2.89,5.81,22.45,3.74,7.23,28.0,9.2,17.9,66.0,12.8,2.18,3.94,2.13,3.6,4.36,5.57,9.77,2.79,6.27,12.0,2.38,20.8,4.27,6.21,2.77,1.34,1.06,1.32
2025-05-22,01:30:00,Brezilya Kupası,2134174,Aparecidense,Fluminense,,,,,,,,,,,,,,,,,,,,,,,,,,,,,,,,,,,,,1.73,1.57,,,,,,,,,,,,,,,,,,1.83,1.5,,,1.6,1.69,,,,,,,,,,,,,,,,,,,,1.13,3.03,,,1.96,1.91,2.59,,,,,,,,,,,,,,,2.01,1.39,,,,,,,,,,,,,,,,,,,,,,,,,,,,,,,,,,5.84,1.31,3.52,,,,,,,,,,,,,,,,,,,,,,,,,,,,,,,,,,,,,1.48,1.86,,,,,,,,,,,,,,,1.66,1.63,1.0,1.71,1.0,4.01,1.0,5.44,1.69,2.28,,,,,,,,,,,,,,,,,,,,,,,,,,,,,,,,,,,,,,,,,,,,,,,,,,,,,,,,2.39,1.25,,,,,1.83,1.5,4.9,1.0,,,,,,,,,,,6.27,1.81,1.99,,,,,,,,,,,,,1.36,1.45,1.0
2025-05-22,20:30:00,2.Lig Kuzey Norrland,2139723,Boden City FC,Luleaa,,,,,,,,,,,,,,,,,,,,,,,,,,,,,,,,,,,,,1.84,1.49,,,,,,,,,,,,,,,,,,1.88,1.46,,,2.16,1.33,,,,,,,,,,,,,,,,,,,,1.29,2.27,,,1.72,2.08,2.81,,,,,,,,,,,,,,,1.55,1.75,,,,,,,,,,,,,,,,,,,,,,,,,,,,,,,,,,4.1,1.44,3.56,,,,,,,,,,,,,,,,,,,,,,,,,,,,,,,,,,,,,1.8,1.52,,,,,,,,,,,,,,,1.66,1.63,1.0,1.56,1.0,2.93,1.14,4.0,1.79,2.46,,,,,,,,,,,,,,,,,,,,,,,,,,,,,,,,,,,,,,,,,,,,,,,,,,,,,,,,,,1.32,2.19,,,1.78,1.53,3.69,1.06,,,,,,,,,,,4.51,1.93,2.1,,,,,,,,,,,,,1.32,1.4,1.0
2025-05-23,03:30:00,"Primera Lig, Açılış, Ana Tur B",2157826,Puerto Cabello,Metropolitan,,,,,,,,,,,,,,,,,,,,,,,,,,,,,,,,,,,2.25,1.29,,,,,,,,,,,,,,,,,,,,1.31,2.21,,,,,1.37,2.05,,,,,,,,,,,,,,,,,,1.51,1.8,,,3.16,1.32,2.9,,,,,,,,,,,,,,,1.67,1.62,,,,,,,,,,,,,,,,,,,,,,,,,,,,,,,,,,1.93,3.01,2.73,,,,,,,,,,,,,,,,,,,,,,,,,,,,,,,,,,,,,1.44,1.91,,,,,,,,,,,,,,,1.72,1.58,1.11,1.07,1.28,3.34,1.09,2.31,3.2,2.13,,,,,,,,,,,,,,,,,,,,,,,,,,,,,,,,,,,,,,,,,,,,,,,,,,,,,,,,2.27,1.29,,,,,1.87,1.46,4.29,1.0,,,,,,,,,,,2.53,3.65,1.83,,,,,,,,,,,,,1.45,1.07,1.21
2025-05-23,05:00:00,Meksika Primera Ligi Kapanış Play-Off,2146210,America,Dep. Toluca,,,,,,,,,,,,,,,,,,,,,,,,,,,,,,,,,,,2.32,1.28,1.18,2.7,1.0,6.59,,,,,,,,,3.44,2.55,1.87,9.46,1.0,,,1.33,2.16,,,3.64,1.06,1.57,1.73,1.07,3.5,,,,,,,,,2.93,2.22,2.36,4.87,1.0,,,1.66,1.63,,,5.02,1.05,3.72,2.55,4.15,9.33,22.0,2.87,4.32,5.9,2.78,1.87,3.09,2.13,1.34,4.76,1.0,1.57,1.73,6.02,2.07,1.95,8.1,8.72,9.02,16.65,46.0,130.0,130.0,130.0,6.12,5.36,10.45,28.5,105.0,130.0,7.56,7.07,12.1,35.5,130.0,13.9,13.0,24.2,62.0,34.5,32.0,60.0,105.0,100.0,130.0,33.0,1.71,3.26,3.11,6.91,2.08,10.3,4.29,9.9,4.01,3.92,2.66,6.79,5.49,3.85,11.5,2.34,4.94,4.07,12.0,3.83,11.45,1.95,8.68,3.55,20.3,3.02,35.0,3.5,2.9,6.33,5.84,4.05,9.99,7.51,1.0,3.02,1.13,,,1.63,1.66,1.17,2.78,1.0,5.16,,,,,,,3.1,1.75,3.49,14.05,1.68,1.61,1.06,1.06,1.37,3.02,1.14,2.06,3.37,2.31,2.68,35.0,13.75,24.65,5.83,14.7,4.59,7.63,4.82,8.8,14.95,44.0,88.0,10.55,17.6,62.0,22.9,44.0,70.0,22.0,35.0,88.0,22.0,39.5,44.0,22.9,88.0,88.0,88.0,39.5,88.0,88.0,35.0,14.1,20.25,62.0,15.85,26.5,35.0,15.85,26.5,44.0,31.0,14.95,88.0,35.0,39.5,62.0,44.0,18.5,79.0,22.9,88.0,44.0,19.35,2.53,1.22,1.25,2.39,1.0,5.6,1.82,1.5,3.85,1.05,2.58,5.57,23.3,3.7,7.68,32.0,10.1,21.1,66.0,16.15,2.25,3.83,1.95,3.57,5.05,5.34,10.7,2.5,6.77,14.7,2.46,24.2,4.17,6.71,2.48,1.39,1.06,1.28
2025-05-22,19:45:00,Hollanda Eredevisie - Avr. Ligi Play-Off,2176893,AZ Alkmaar,Heerenveen,,,,,,,,,,,,,,,,,,,,,,,,,,,,,,,,,,,2.2,1.37,1.15,3.21,1.0,9.06,,,,,,,5.34,1.0,3.7,2.79,1.8,17.3,1.0,2.75,1.22,1.31,2.38,,,,,2.39,1.31,1.39,2.16,1.06,4.22,,,,,2.15,1.21,2.74,2.1,2.93,3.15,1.15,1.13,3.43,2.31,1.34,,,2.83,1.31,3.27,3.35,6.27,16.45,35.0,2.89,3.33,2.88,2.7,1.89,3.55,2.97,1.19,3.57,1.11,1.53,1.89,8.35,2.66,1.72,4.89,14.85,16.65,34.0,105.0,130.0,130.0,130.0,7.37,7.4,15.25,46.5,130.0,130.0,6.6,6.78,13.4,42.0,130.0,8.75,8.98,18.2,55.0,15.4,15.85,32.0,34.0,35.0,92.0,14.3,1.3,5.49,4.3,8.03,1.42,18.25,6.51,16.3,4.83,3.96,1.71,12.65,7.99,5.6,11.8,2.16,2.63,7.0,16.85,5.64,11.9,1.66,4.16,6.05,25.5,4.12,35.0,2.42,2.32,8.8,11.2,4.97,16.8,,,4.57,1.0,,,2.2,1.37,1.42,2.09,1.1,3.64,1.0,6.86,,,,,4.66,1.93,2.78,7.46,1.71,1.68,1.0,1.0,1.77,2.86,1.21,1.62,4.88,2.78,1.82,35.0,16.1,20.05,9.64,18.15,4.14,12.5,6.86,14.95,31.0,88.0,88.0,14.1,25.5,88.0,21.1,44.0,53.0,39.5,70.0,88.0,31.0,62.0,44.0,23.75,88.0,88.0,88.0,53.0,88.0,88.0,26.5,15.85,26.5,88.0,13.2,24.65,21.1,11.45,35.0,70.0,31.0,12.3,88.0,35.0,31.0,62.0,26.5,9.68,70.0,14.95,88.0,18.5,11.45,3.43,1.13,1.48,1.99,1.05,4.45,1.79,1.61,3.63,1.1,3.4,7.76,36.0,3.34,7.66,35.0,6.49,15.0,66.0,8.58,1.72,5.41,2.41,3.21,3.02,7.4,14.15,3.26,6.57,9.2,1.9,27.0,5.88,6.49,3.23,1.25,1.0,1.55
2025-05-22,02:30:00,ABD Açık Kupası,2167382,Philadelphia U.,Pittsburgh R,,,,,,,,,,,,,,,,,,,,,,,,,,,,,,,,,,,1.66,1.63,1.0,4.51,1.0,10.45,,,,,,,,,4.15,3.21,1.5,12.05,1.0,,,1.15,2.89,,,5.24,1.0,2.08,1.36,1.27,2.33,,,,,,,,,2.66,2.12,2.71,2.85,1.15,,,2.09,1.36,,,2.84,1.35,3.09,3.3,7.35,24.65,35.0,2.68,3.11,2.86,2.62,1.93,3.16,2.24,1.3,4.39,1.0,1.84,1.49,8.13,2.05,2.24,4.39,9.9,14.85,41.5,130.0,130.0,130.0,130.0,5.2,7.14,20.15,84.0,130.0,130.0,5.02,7.01,19.05,82.0,130.0,7.15,10.05,27.5,115.0,13.55,19.1,54.0,32.0,46.0,92.0,27.5,1.22,6.74,4.02,5.68,1.43,16.35,10.1,10.9,5.53,2.93,1.84,12.4,13.1,4.73,18.35,1.78,3.12,7.79,35.0,4.73,18.25,1.43,5.54,7.01,35.0,3.84,35.0,2.94,1.84,14.2,11.6,5.64,11.2,8.1,1.0,3.22,1.11,,,1.72,1.58,1.21,2.6,1.0,4.7,,,,,,,3.34,1.77,3.3,12.15,1.66,1.63,1.0,1.0,1.87,3.55,1.07,1.55,5.85,2.51,1.72,35.0,18.45,24.2,13.15,21.45,3.8,14.7,6.01,9.68,25.5,88.0,88.0,9.68,25.5,88.0,16.7,44.0,44.0,35.0,88.0,88.0,31.0,79.0,44.0,35.0,88.0,88.0,88.0,88.0,88.0,88.0,35.0,10.55,25.5,88.0,9.68,25.5,17.6,13.2,35.0,88.0,31.0,17.6,88.0,62.0,23.75,62.0,21.1,11.45,70.0,21.1,79.0,20.25,16.7,2.77,1.17,1.3,2.24,1.0,5.13,1.77,1.54,4.36,1.0,2.85,8.77,56.0,2.96,9.28,60.0,6.15,19.6,66.0,10.55,1.64,6.64,2.2,2.84,3.23,8.36,24.2,2.75,8.25,12.5,1.75,35.0,7.01,8.1,2.71,1.28,1.0,1.58
2025-05-22,03:30:00,Brezilya Kupası,2134178,Corinthians,Gremio Novo,,,,,,,,,,,,,,,,,,,,,,,,,,,,,,,,,,,1.72,1.58,,,,,,,,,,,,,4.08,3.1,1.54,,,,,1.16,2.82,,,,,1.5,1.82,,,,,,,,,,,2.92,2.3,2.28,,,,,1.64,1.65,,,2.36,1.64,2.6,,,,,,,,2.8,1.99,2.8,1.73,1.57,6.42,1.0,1.97,1.42,6.12,1.65,2.66,7.25,,,,,,,,,,,,,,,,,,,,,,,,,,,,,,1.5,4.54,3.01,,,,,,,2.82,2.77,7.33,10.1,3.31,18.85,,,,,,,,,,,,,4.1,2.14,11.35,6.8,4.7,6.81,,,2.34,1.27,,,1.37,2.06,1.05,3.79,,,,,,,,,2.35,1.74,4.68,27.0,1.69,1.6,1.06,1.0,1.5,4.0,1.0,1.92,4.5,2.12,,,,,,,,,,,,,,,,,,,,,,,,,,,,,,,,,,,,,,,,,,,,,,,,,,,,,,,,2.19,1.31,,,,,1.88,1.46,4.99,1.0,,,,,,,,,,,2.08,5.24,1.84,3.08,5.1,6.42,20.2,2.15,8.68,19.55,2.16,35.0,5.39,8.56,2.13,1.44,1.0,1.33
2025-05-22,20:00:00,İsveç Superettan (2.Lig),2134319,Helsingborg,Oddevold,,,,,,,,,,,,,,,,,,,,,,,,,,,,,,,,,,,2.3,1.28,1.18,2.74,1.0,6.68,,,,,,,,,3.46,2.57,1.86,9.11,1.0,,,1.32,2.17,,,3.26,1.1,1.45,1.89,1.0,4.01,,,,,,,,,3.03,2.28,2.24,5.39,1.0,,,1.58,1.72,,,5.7,1.0,3.81,2.47,3.87,8.62,20.45,2.88,4.62,7.04,2.82,1.89,3.01,1.98,1.41,5.29,1.0,1.63,1.66,5.81,1.93,2.09,8.89,7.7,7.9,14.65,41.0,130.0,130.0,130.0,5.77,5.17,10.05,27.5,105.0,130.0,7.75,7.31,12.85,38.0,130.0,15.55,14.65,27.5,73.0,42.0,39.0,74.0,130.0,130.0,130.0,42.5,1.81,3.03,3.0,6.55,2.29,9.02,4.1,8.78,4.04,3.85,2.99,5.97,5.35,3.6,12.45,2.37,5.9,3.69,12.1,3.57,12.35,2.01,10.75,3.24,21.2,2.89,35.0,3.91,2.97,6.26,5.15,4.06,8.84,6.95,1.0,2.76,1.17,,,1.53,1.78,1.12,3.08,1.0,5.8,,,,,,,2.81,1.74,3.83,17.3,1.68,1.61,1.08,1.07,1.33,3.19,1.11,2.18,3.23,2.24,2.93,35.0,13.95,27.0,5.42,14.7,4.67,7.0,4.53,7.74,13.2,44.0,88.0,9.68,16.7,62.0,22.9,44.0,79.0,19.35,31.0,88.0,21.1,39.5,44.0,23.75,79.0,88.0,88.0,44.0,88.0,88.0,39.5,13.2,19.35,62.0,15.85,26.5,39.5,18.5,25.5,44.0,35.0,16.7,88.0,35.0,39.5,62.0,44.0,22.0,79.0,26.5,88.0,53.0,23.75,2.38,1.26,1.21,2.56,1.0,6.09,1.85,1.48,4.07,1.0,2.41,5.28,22.0,3.79,7.94,33.5,11.25,23.75,66.0,19.05,2.42,3.69,1.88,3.66,5.78,5.07,10.6,2.34,7.04,17.05,2.6,25.5,3.97,6.98,2.32,1.43,1.07,1.23
2025-05-21,20:00:00,Letonya Virsliga,2134271,SK Super Nova,FK Jelgava,,,,,,,,,,,,,,,,,3.52,4.4,1.58,,,,,,,,,,,,,,,,1.19,2.55,,,,,,,,,,,,,,,,,,,,,,,,1.0,3.52,,,,,,,,,,,,,,,,,,,,,,,,1.0,17.6,8.8,,,,,,,,,,,,,,,6.16,1.0,,,,,,,,,,,,,,,,,,,,,,,,,,,,,,,,,,4.18,3.3,1.45,,,,,,,,,,,,,,,,,,,,,,,,,,,,,,,1.5,1.72,,,,,,,,,,,,,,,,,,,,,2.11,1.28,1.85,1.06,1.0,,,,,,,,,,,,,,,,,,,,,,,,,,,,,,,,,,,,,,,,,,,,,,,,,,,,,,,,,,,,,,,,,,,,,,,,,,,,,,,,,,,,,,,,,,,,,,,,,,
